代號,名稱,當日收盤價,當日買賣超金額(萬元),5日買賣超金額(萬元),1個月買賣超金額(萬元),當日漲幅(%),5日漲幅(%),1個月漲幅(%),當日買超(張),5日買超(張),1個月買超(張)
2330,台積電          ,113.5693130493164,158749.54,491642.34,2472866.69,1.69,-0.33,5.24,13978.207,43290.069,217740.74599999998
2412,中華電          ,69.8055419921875,57976.2,113698.39,507029.4,1.46,0.0,1.46,8305.387,16287.875,72634.548
2498,宏達電          ,80.8020248413086,54375.08,57562.91,133236.05,5.76,5.63,4.82,6729.421,7123.9439999999995,16489.197
2454,聯發科          ,141.921142578125,47172.49,107652.81,2243.12,3.3,6.59,9.58,3323.852,7585.396000000001,158.05400000000031
2881,富邦金          ,19.496519088745117,22022.84,8035.34,-281398.64,1.96,2.09,7.27,11295.783,4121.422999999999,-144332.762
2891,中信金          ,9.150613784790039,20211.79,12118.15,-251885.37,1.92,1.92,2.25,22087.909,13242.989,-275266.096
3008,大立光          ,1907.11865234375,20040.38,78915.43,73552.04,-0.59,3.04,6.95,105.082,413.794,385.67100000000005
2105,正新            ,37.90682601928711,17884.61,37355.05,57973.57,3.92,6.0,13.87,4718.044,9854.44,15293.703000000001
0050,元大台灣50      ,11.09798526763916,16203.06,36189.42,93795.71,1.33,0.33,3.56,14600.0,32609.0,84515.98300000001
2474,可成            ,147.59840393066406,15961.44,-19208.34,-55850.48,0.6,-0.2,2.86,1081.41,-1301.3919999999998,-3783.9489999999996
1301,台塑            ,50.733795166015625,15322.4,40990.82,156187.4,1.56,0.64,1.56,3020.157,8079.588,30785.673
6456,GIS-KY          ,82.89453125,13163.65,21975.34,-21172.31,9.66,16.77,26.96,1588.0,2651.0,-2554.126
2317,鴻海            ,59.5258674621582,12019.21,-64102.27,-157524.17,2.61,1.03,0.9,2019.157,-10768.809,-26463.145
2002,中鋼            ,14.42918586730957,9610.43,50219.81,84662.61,0.25,6.04,13.8,6660.409,34804.324,58674.558
1527,鑽全            ,44.46074676513672,9016.64,10138.08,22089.27,4.65,7.83,4.49,2028.0,2280.232,4968.263
2912,統一超          ,157.40602111816406,8090.58,19863.16,187700.49,0.22,-0.22,3.19,513.994,1261.906,11924.607
1589,永冠-KY         ,202.53529357910156,7817.86,31622.02,75096.0,0.85,8.99,13.16,386.0,1561.309,3707.798
2485,兆赫            ,55.648582458496094,7434.65,22738.01,7806.32,-1.09,8.89,14.77,1336.0,4086.0,1402.789
2409,友達            ,6.486663341522217,7352.75,-9784.39,-117892.26,1.56,5.2,6.06,11335.176,-15083.851000000002,-181745.616
8341,日友            ,98.45333099365234,6753.9,39202.29,64585.75,-2.04,7.06,8.68,686.0,3981.814,6560.037
2886,兆豐金          ,12.593259811401367,6563.39,1341.71,2365.11,0.46,-0.23,2.6,5211.83,1065.42,1878.079000000001
4414,如興            ,85.65258026123047,6560.99,6883.26,-465.74,8.06,19.37,36.12,766.0,803.625,-54.375
9904,寶成            ,27.66904067993164,6530.54,-12968.99,16223.38,4.66,0.12,0.61,2360.233,-4687.186,5863.3690000000015
5388,中磊            ,54.07913589477539,6376.45,14735.7,2494.08,0.95,2.52,5.31,1179.097,2724.841,461.19000000000005
1101,台泥            ,14.062536239624023,5572.68,7602.52,-591.57,1.03,1.55,10.9,3962.785,5406.221,-420.6700000000005
1216,統一            ,37.747840881347656,5499.1,20037.36,168886.67,2.17,-1.05,1.62,1456.799,5308.214,44740.75
6239,力成            ,42.96927261352539,5255.63,12377.59,49813.12,1.97,-0.14,4.48,1223.113,2880.568,11592.73
3231,緯創            ,10.885865211486816,5015.99,20988.42,74831.22,0.51,2.35,4.53,4607.8,19280.429,68741.637
3034,聯詠            ,68.51678466796875,4774.87,11412.03,47543.78,1.49,2.25,-1.09,696.89,1665.5819999999999,6938.998
2207,和泰車          ,241.69239807128906,4247.14,5085.35,5363.98,1.48,0.15,1.03,175.725,210.406,221.93400000000003
2464,盟立            ,24.626577377319336,4078.16,8253.49,8601.42,1.18,7.5,17.1,1656.0,3351.457,3492.7380000000003
1504,東元            ,18.30463218688965,3932.56,5752.57,8930.86,2.84,4.42,4.62,2148.395,3142.685,4879.017
3037,欣興            ,13.333937644958496,3605.98,21681.51,88454.25,-1.21,-0.91,23.4,2704.364,16260.399,66337.678
2439,美律            ,34.882965087890625,3551.09,3882.47,3269.81,7.03,6.26,6.83,1018.0,1113.0,937.365
6505,台塑化          ,58.934566497802734,3524.29,31755.73,161844.8,1.08,1.69,2.93,598.0,5388.303,27461.778
2385,群光            ,36.555084228515625,3476.22,5679.13,9605.82,3.6,3.0,4.8,950.955,1553.582,2627.7670000000003
5288,豐祥-KY         ,70.33159637451172,3403.35,1124.6,-8778.09,1.9,5.42,12.04,483.9,159.89999999999998,-1248.1
2325,矽品            ,45.95527648925781,3380.75,-2022.97,-53028.17,5.76,-0.96,0.0,735.661,-440.2039999999997,-11539.082999999999
4960,誠美材          ,19.862863540649414,3275.39,2001.4,1798.37,9.95,8.53,10.53,1649.0,1007.607,905.395
2421,建準            ,14.036117553710938,3259.19,8037.08,22488.67,3.64,1.33,14.0,2322.0,5726.0,16022.0
8464,億豐            ,160.33299255371094,3190.63,64886.09,153516.4,-5.1,2.88,4.26,199.0,4046.958,9574.848
4915,致伸            ,23.894376754760742,3001.13,2277.56,1713.71,2.07,2.87,3.68,1256.0,953.177,717.2009999999998
3596,智易            ,28.153108596801758,2888.51,12651.72,35290.27,-0.51,1.57,29.2,1026.0,4493.897,12535.123
2458,義隆            ,34.85917663574219,2875.88,4049.93,-3876.72,2.02,3.75,1.54,825.0,1161.7959999999998,-1112.1090000000004
2408,南亞科          ,27.151254653930664,2674.4,-1624.08,-11519.7,0.37,3.32,1.89,985.0,-598.159,-4242.787
2360,致茂            ,52.41693115234375,2599.88,-1153.17,-1455.18,3.87,6.74,5.77,496.0,-220.0,-277.616
6271,同欣電          ,60.544654846191406,2464.17,2572.32,2695.81,2.29,2.68,15.49,407.0,424.863,445.25900000000007
5880,合庫金          ,7.0695881843566895,2450.51,6260.42,21509.16,0.36,1.45,1.45,3466.274,8855.429,30424.908
1402,遠東新          ,16.097379684448242,2431.99,3182.64,-21813.68,0.81,0.4,5.49,1510.8,1977.1189999999997,-13551.077
2357,華碩            ,142.06857299804688,2386.97,-9697.88,-21925.37,2.06,-1.45,1.49,168.015,-682.62,-1543.295
2316,楠梓電          ,23.76888656616211,2217.64,2469.56,3591.45,1.44,-1.05,8.05,933.0,1038.99,1510.99
2892,第一金          ,8.04727840423584,2124.26,9723.16,11334.28,0.0,0.66,1.32,2639.725,12082.547999999999,14084.61
2801,彰銀            ,8.99091911315918,2041.97,6426.38,16422.31,0.31,1.25,-2.41,2271.146,7147.63,18265.442
8996,高力            ,40.361366271972656,2030.18,1465.12,1719.39,2.68,10.74,19.11,503.0,363.0,426.0
1102,亞泥            ,16.29351234436035,1953.8,3868.57,3982.65,1.65,2.78,6.53,1199.125,2374.301,2444.319
2419,仲琦            ,18.379182815551758,1893.06,6050.43,77111.07,4.1,6.17,13.68,1030.0,3292.0,41955.66
2883,凱基金          ,4.8980536460876465,1803.66,-4936.88,-33562.25,0.63,0.51,0.0,3682.407,-10079.269,-68521.602
2451,創見            ,49.57988357543945,1738.1,6982.52,21568.29,1.23,1.75,9.8,350.565,1408.338,4350.209
5871,中租-KY         ,28.61724853515625,1684.54,962.32,-32795.92,0.0,-0.19,1.33,588.645,336.2729999999999,-11460.192000000001
2887,台新新光金      ,5.140792369842529,1677.21,-5639.58,-40702.51,0.93,-0.91,0.93,3262.552,-10970.257,-79175.564
2324,仁寶            ,10.759215354919434,1673.64,3441.95,44512.54,0.52,1.04,1.04,1555.545,3199.0690000000004,41371.549
3413,京鼎            ,51.6546630859375,1668.45,4638.59,3770.79,-2.05,-13.01,21.2,323.0,898.0,730.0
1590,亞德客-KY       ,136.83226013183594,1641.99,5797.58,15977.33,0.0,-3.78,5.08,120.0,423.69999999999993,1167.658
2880,華南金          ,7.937836170196533,1581.93,2049.63,7704.3,0.98,1.65,4.05,1992.904,2582.097,9705.795
1789,神隆            ,43.81853103637695,1551.18,10718.01,12057.35,0.37,-2.85,9.0,354.0,2446.0,2751.655
0056,元大高股息      ,10.789082527160645,1519.1,7883.58,20067.69,0.41,0.59,4.22,1408.0,7307.0,18600.0
2395,研華            ,126.08930969238281,1510.97,4772.66,1406.19,0.7,2.6,9.32,119.833,378.514,111.52300000000002
2449,京元電子        ,15.512735366821289,1500.08,15804.06,46950.01,0.2,6.37,13.86,967.0,10187.798999999999,30265.46
2006,東和鋼鐵        ,15.846266746520996,1497.47,1655.93,3309.62,1.28,4.5,17.21,945.0,1045.0,2088.5789999999997
3443,創意            ,69.57527160644531,1495.87,21568.33,29430.34,0.37,10.9,27.75,215.0,3100.0,4230.0
1722,台肥            ,28.674604415893555,1481.62,7855.83,26700.32,0.68,1.94,6.19,516.7,2739.648,9311.488
2397,友通            ,29.95523452758789,1470.8,1620.58,3534.72,9.86,13.72,19.08,491.0,541.0,1180.0
2344,華邦電          ,7.152180194854736,1414.7,15473.04,108509.75,-0.53,2.62,6.7,1978.0,21634.013,151715.629
2834,臺企銀          ,4.411526203155518,1342.34,2523.91,10007.82,1.61,1.11,2.12,3042.801,5721.171,22685.623
2034,允強            ,12.055438041687012,1241.71,2272.57,3280.41,1.31,5.94,21.78,1030.0,1885.1,2721.1
2313,華通            ,13.274881362915039,1241.22,-17266.6,-46305.32,2.09,0.0,2.63,935.012,-13006.97,-34881.907999999996
1460,宏遠            ,16.8405818939209,1190.63,1838.99,577.63,0.62,3.48,11.22,707.0,1092.0,343.0
3042,晶技            ,21.411766052246094,1184.07,3823.54,3074.36,2.93,3.75,10.89,553.0,1785.72,1435.828
2301,光寶科          ,20.211265563964844,1135.78,4844.99,53597.71,-1.06,0.13,6.26,561.955,2397.173,26518.73
3044,健鼎            ,34.843894958496094,1108.04,3490.34,9497.56,0.68,5.17,8.06,318.0,1001.7069999999999,2725.747
3704,合勤控          ,14.644553184509277,1054.41,3126.61,5512.21,1.31,9.93,17.42,720.0,2135.0,3764.0
2349,錸德            ,10.358619689941406,1034.83,3545.76,11581.97,0.0,1.85,3.38,999.0,3423.0,11181.0
2352,佳世達          ,7.338805675506592,962.15,2580.0,9488.98,0.48,1.95,4.5,1311.044,3515.563,12929.866
3686,達能            ,45.70573425292969,909.54,-201.11,-11979.47,-2.91,-7.83,4.49,199.0,-44.0,-2621.0
9910,豐泰            ,76.00922393798828,867.21,-1888.55,4495.52,0.0,-3.79,-0.28,114.093,-248.46299999999997,591.444
1326,台化            ,47.2728385925293,857.0,7186.4,54230.86,0.0,0.27,2.24,181.288,1520.1970000000001,11471.885
2455,全新            ,49.98210144042969,844.7,-1294.54,22643.39,0.79,2.71,1.39,169.0,-259.0,4530.299
1605,華新            ,5.3343048095703125,807.08,7125.79,11718.75,0.0,4.87,14.89,1513.0,13358.419,21968.657
8046,南電            ,26.2929744720459,801.94,1111.5,2060.86,2.25,3.5,4.45,305.0,422.736,783.807
3017,奇鋐            ,22.06621742248535,796.59,-1782.69,4009.61,-1.68,-2.66,4.83,361.0,-807.8820000000001,1817.08
3023,信邦            ,43.930545806884766,790.75,-522.4,4597.55,1.41,0.31,5.88,180.0,-118.91399999999999,1046.55
3006,晶豪科          ,20.9064998626709,781.9,587.47,6232.23,0.18,-1.89,4.0,374.0,281.0,2981.0
3060,銘異            ,39.77393341064453,735.82,1314.6,-538.4,0.78,-1.15,3.83,185.0,330.517,-135.364
9938,百和            ,58.55263137817383,726.05,-3499.01,39795.74,2.67,1.0,-1.94,124.0,-597.583,6796.575000000001
3036,文曄            ,20.22171974182129,715.85,4054.45,10434.43,1.18,2.12,11.88,354.0,2005.0,5160.012
6451,訊芯-KY         ,79.0135726928711,711.12,1730.4,1271.55,4.23,3.5,-0.48,90.0,219.0,160.928
4551,智伸科          ,56.89132308959961,694.07,5000.75,7589.3,0.0,0.0,0.0,122.0,879.0,1334.0
1434,福懋            ,18.793275833129883,670.39,574.01,2347.56,1.52,-1.8,1.52,356.716,305.432,1249.148
6116,彩晶            ,3.265907049179077,665.59,4447.19,3650.78,-0.71,5.5,0.96,2038.0,13617.0,11178.464
8404,百和興業-KY     ,18.644573211669922,663.75,-192.04,-5434.89,5.07,6.02,9.3,356.0,-103.0,-2915.0
8429,金麗-KY         ,37.8271484375,641.51,1632.58,-18339.41,1.47,1.28,3.18,169.59,431.59000000000003,-4848.213
2603,長榮            ,9.395408630371094,629.67,-2867.75,-12875.5,-1.24,1.27,3.02,670.184,-3052.286,-13704.037
2312,金寶            ,8.103958129882812,625.63,2015.35,6616.83,0.48,0.96,7.22,772.0,2486.867,8164.937
2436,偉詮電          ,19.602108001708984,621.39,2579.64,4745.67,-1.17,0.0,12.17,317.0,1316.0,2421.0
3605,宏致            ,30.319826126098633,612.46,1376.52,-27.29,-0.66,-3.36,26.14,202.0,454.0,-9.0
2355,敬鵬            ,41.940677642822266,612.33,29855.06,55776.48,-0.17,4.76,13.79,146.0,7118.401,13298.897
2492,華新科          ,15.837084770202637,604.98,-1316.75,-4675.8,2.09,0.78,4.56,382.0,-831.4370000000001,-2952.437
3022,威強電          ,45.19553756713867,601.1,1689.05,2256.9,0.62,3.7,2.14,133.0,373.721,499.363
2106,建大            ,30.26335334777832,596.19,1570.67,57.29,1.78,2.54,2.65,197.0,519.0,18.931999999999988
2845,遠東銀          ,4.9158616065979,590.89,150.82,2259.26,0.96,0.43,1.72,1202.0,306.807,4595.860000000001
2610,華航            ,9.220224380493164,578.57,4924.4,1349.9,0.0,0.44,1.33,627.499,5340.866,1464.0649999999991
1210,大成            ,12.057550430297852,560.68,3055.38,6207.75,-0.68,8.11,10.0,465.0,2534.0,5148.431
2303,聯電            ,8.099148750305176,546.2,5232.77,159519.3,0.38,-1.12,3.11,674.392,6460.888999999999,196958.10499999998
3052,夆典            ,6.000792503356934,544.87,529.27,576.42,1.18,0.86,0.86,908.0,882.0,960.574
2208,台船            ,28.970712661743164,506.99,1051.64,3365.74,-0.32,4.7,5.05,175.0,363.0,1161.774
1227,佳格            ,50.72135543823242,506.73,7630.82,20944.0,0.48,0.6,4.65,99.905,1504.459,4129.228
2441,超豐            ,20.53907585144043,490.88,1611.64,5356.05,0.99,0.28,4.54,239.0,784.668,2607.735
1541,錩泰            ,36.045955657958984,490.22,-2090.67,-4141.68,1.34,-7.17,3.31,136.0,-580.0,-1149.0
6214,精誠            ,29.095483779907227,482.99,1501.33,4663.3,-0.93,0.76,4.51,166.0,516.0,1602.756
2393,億光            ,31.672916412353516,475.09,1927.0,36572.08,-0.53,-1.57,2.17,150.0,608.4070000000002,11546.800000000001
2420,新巨            ,22.865951538085938,468.75,1516.01,461.89,1.13,2.17,9.44,205.0,663.0,202.0
2882,國泰金          ,23.034421920776367,464.37,-11852.88,-145801.42,0.82,0.0,2.22,201.598,-5145.727,-63297.191000000006
1522,堤維西          ,16.847705841064453,460.86,5626.35,9903.98,0.19,4.1,12.92,273.547,3339.5330000000004,5878.533
2609,陽明            ,8.926464080810547,448.11,10473.42,8486.5,-0.81,6.82,9.39,502.0,11732.994999999999,9507.119999999999
1736,喬山            ,45.974632263183594,445.95,1131.25,2369.09,-0.19,1.7,7.8,97.0,246.059,515.303
8101,華冠            ,43.42856979370117,425.6,1172.57,6331.89,6.29,7.65,13.1,98.0,270.0,1458.0
6206,飛捷            ,64.04867553710938,416.32,1052.76,3110.54,0.44,8.13,12.44,65.0,164.369,485.652
1704,榮化            ,27.54642677307129,415.95,-8042.39,-13732.16,-0.46,-1.66,7.43,151.0,-2919.575,-4985.095
6282,康舒            ,15.530879974365234,414.67,-8520.24,-14231.26,3.11,1.09,-2.32,267.0,-5486.0,-9163.204
2332,友訊            ,9.968750953674316,402.74,1528.78,4867.35,0.0,0.94,3.86,404.0,1533.576,4882.611
6605,帝寶            ,84.52090454101562,397.25,2400.39,9887.04,1.28,1.28,4.41,47.0,284.0,1169.775
1802,台玻            ,10.871133804321289,396.8,1279.53,3147.03,0.39,3.24,7.14,365.0,1177.0,2894.849
3057,喬鼎            ,56.346839904785156,394.43,-3645.64,4609.17,-1.52,-6.25,-7.14,70.0,-647.0,818.0
2329,華泰            ,14.115428924560547,382.53,1887.23,4811.95,0.43,0.0,4.52,271.0,1337.0,3409.0
3189,景碩            ,57.36130905151367,361.38,17374.4,112096.24,-0.39,1.47,9.38,63.0,3028.941,19542.135
6257,矽格            ,12.464143753051758,352.74,842.58,-72.29,0.89,1.12,7.64,283.0,676.0,-58.0
2327,國巨*           ,13.641425132751465,350.85,293.47,1270.56,0.55,-1.09,4.79,257.193,215.13300000000004,931.3950000000001
2387,精元            ,11.855775833129883,346.19,714.11,918.34,2.0,2.68,4.79,292.0,602.328,774.592
9907,統一實          ,9.81663990020752,317.08,768.64,1625.4,1.98,3.69,5.46,323.0,783.0,1655.76
1737,臺鹽            ,19.197072982788086,316.75,-1017.44,9625.41,-0.33,-5.23,-8.14,165.0,-530.0,5014.0
2368,金像電          ,8.664019584655762,298.04,795.36,4670.77,0.22,1.93,0.0,344.0,918.0,5391.0
2382,廣達            ,31.54498291015625,290.74,3612.66,36519.44,-0.18,0.36,5.31,92.168,1145.24,11576.940999999999
3055,蔚華科          ,20.970611572265625,287.3,947.87,1541.34,1.41,0.7,20.33,137.0,452.0,735.0
2514,龍邦            ,19.564489364624023,285.64,1003.66,650.02,-2.49,8.31,7.71,146.0,513.0,332.243
2376,技嘉            ,21.335275650024414,284.09,1544.64,4774.09,0.0,0.0,5.25,133.156,723.984,2237.6530000000002
1718,中纖            ,6.286619186401367,272.21,-589.68,-1141.65,0.37,0.0,0.12,433.0,-938.0,-1816.0
4137,麗豐-KY         ,167.05844116210938,267.29,-16321.96,-30157.41,-0.52,-6.68,-11.85,16.0,-977.021,-1805.201
2014,中鴻            ,5.131383895874023,264.78,196.53,682.74,-3.13,-1.51,14.81,516.0,383.0,1330.52
3035,智原            ,35.62053680419922,263.59,-7213.16,23478.35,0.65,-6.18,4.99,74.0,-2025.0,6591.24
2206,三陽工業        ,13.875750541687012,260.86,917.19,2557.15,0.23,0.0,0.95,188.0,661.0,1842.893
9942,茂順            ,51.78694534301758,253.76,1134.13,6338.72,-0.79,-2.67,7.48,49.0,219.0,1224.0
1513,中興電          ,12.659807205200195,235.47,1062.16,1721.73,1.35,6.21,10.59,186.0,839.0,1360.0
3661,世芯-KY         ,33.155311584472656,232.09,656.48,643.21,0.28,3.26,4.0,70.0,198.0,194.0
6213,聯茂            ,17.31723403930664,230.32,517.79,1217.4,-0.19,2.31,12.71,133.0,299.0,703.0
1537,廣隆            ,71.88176727294922,230.02,-2027.07,-6736.14,1.52,3.89,-1.84,32.0,-282.0,-937.114
3380,明泰            ,11.16394329071045,229.98,-537.77,-451.25,1.28,0.32,1.28,206.0,-481.7,-404.19999999999993
2347,聯強            ,18.878164291381836,225.05,9824.74,657.84,-0.15,5.56,6.91,119.21,5204.286,348.46500000000015
2353,宏碁            ,7.488468647003174,224.87,-85.9,23327.11,2.16,0.0,3.06,300.287,-114.70600000000013,31150.714
9933,中鼎            ,20.819154739379883,220.68,-5579.53,-19585.98,1.48,2.73,2.17,106.0,-2680.0,-9407.673
1525,江申            ,56.44190216064453,220.12,1269.94,3471.18,0.7,0.94,-0.46,39.0,225.0,615.0
6415,矽力*-KY        ,102.02831268310547,219.38,-357.07,5582.54,0.23,-4.57,4.52,21.502,-34.997,547.156
9934,成霖            ,9.440332412719727,218.07,382.33,1376.04,1.32,2.68,8.87,231.0,405.0,1457.623
5434,崇越            ,33.54109191894531,207.95,1167.23,1215.07,0.51,2.98,10.53,62.0,348.0,362.263
2731,雄獅            ,69.10113525390625,207.3,179.66,324.78,0.98,-1.44,3.52,30.0,26.0,47.0
6166,凌華            ,59.386016845703125,205.4,671.38,-1553.82,1.08,-0.27,8.41,34.587,113.05400000000002,-261.64699999999993
1409,新纖            ,5.718894958496094,200.73,412.33,323.75,0.77,1.66,6.37,351.0,721.0,566.1120000000001
2903,遠百            ,10.581131935119629,196.81,384.94,-773.57,0.29,1.18,2.7,186.0,363.794,-731.0830000000001
2547,日勝生          ,7.7292351722717285,194.0,834.48,1537.31,0.97,2.46,1.96,251.0,1079.6399999999999,1988.96
2727,王品            ,88.03366088867188,193.67,316.92,3484.97,0.36,-1.07,0.0,22.0,36.0,395.868
2520,冠德            ,7.173572063446045,190.1,874.46,2210.18,0.68,-1.01,5.73,265.0,1219.0,3081.0
2340,台亞            ,8.08996868133545,188.5,780.95,1649.01,0.0,-0.5,0.9,233.0,965.335,2038.335
3014,聯陽            ,14.783671379089355,187.75,774.33,2214.26,1.05,1.05,6.84,127.0,523.772,1497.772
2820,華票            ,7.134157657623291,186.91,56.36,518.75,0.42,1.7,4.37,262.0,79.0,727.134
1319,東陽            ,32.05308151245117,182.7,19924.0,68858.68,0.1,5.79,5.44,57.0,6215.94,21482.701999999997
1582,信錦            ,31.204687118530273,177.87,68.65,-430.62,1.25,1.99,5.65,57.0,22.0,-138.0
2323,中環            ,4.283403396606445,172.7,475.35,3233.77,0.56,2.59,10.19,403.189,1109.741,7549.541
1464,得力            ,22.380430221557617,172.48,460.27,16216.0,-0.13,-2.26,18.96,77.069,205.65899999999988,7245.616999999999
9941,裕融            ,24.983592987060547,169.89,479.68,437.26,1.11,3.11,6.41,68.0,192.0,175.02
1440,南紡            ,10.578003883361816,169.25,349.07,538.27,1.1,-0.72,1.48,160.0,330.0,508.86199999999997
4526,東台            ,21.39911460876465,169.05,320.99,1509.37,1.05,2.55,2.33,79.0,150.0,705.34
2890,永豐金          ,4.845425605773926,167.22,-8605.83,-16951.65,0.89,-0.98,1.8,345.113,-17760.732,-34984.852
1521,大億            ,53.63195037841797,166.26,-493.41,-7406.57,1.46,0.36,4.12,31.0,-92.0,-1381.0
1560,中砂            ,35.659420013427734,164.03,238.92,1109.01,0.97,2.15,5.02,46.0,67.0,311.0
1313,聯成            ,5.609325885772705,162.67,609.73,1152.72,0.57,0.57,0.34,290.0,1087.0,2055.0
1726,永記            ,47.35965347290039,161.02,1070.33,3839.76,0.53,3.84,5.42,34.0,226.0,810.766
2428,興勤            ,38.0515251159668,156.01,-329.52,-741.24,1.46,5.3,10.1,41.0,-86.599,-194.799
4545,銘鈺            ,55.31948471069336,154.89,248.94,2223.84,-1.48,-4.32,8.73,28.0,45.0,402.0
3005,神基            ,10.571331977844238,154.34,-2011.58,-3406.99,1.72,0.48,3.23,146.0,-1902.862,-3222.8570000000004
8213,志超            ,17.654563903808594,150.06,-478.44,-307.08,0.62,3.82,4.65,85.0,-271.0,-173.938
3419,譁裕            ,16.620792388916016,149.59,388.93,779.52,2.02,2.31,9.6,90.0,234.0,469.0
1473,台南            ,26.550426483154297,148.68,1370.0,12732.46,0.0,-4.18,-2.91,56.0,516.0,4795.576
2501,國建            ,8.287453651428223,148.35,1034.27,816.55,1.13,1.89,4.26,179.0,1248.0,985.287
3705,永信            ,28.886106491088867,147.32,-190.65,-934.15,0.94,0.41,3.3,51.0,-66.0,-323.392
4106,雃博            ,31.557374954223633,142.01,-2534.06,-3742.7,0.12,2.91,9.13,45.0,-803.0,-1186.0
1717,長興            ,18.846708297729492,139.47,-5.19,2649.69,1.24,1.56,0.93,74.0,-2.753,1405.915
2023,燁輝            ,5.818455696105957,138.48,218.19,822.31,-0.63,4.65,8.1,238.0,375.0,1413.282
1308,亞聚            ,10.751039505004883,137.61,234.37,528.91,1.64,0.54,3.62,128.0,218.0,491.959
1711,永光            ,16.084897994995117,136.72,606.4,6071.24,0.24,-0.95,1.96,85.0,377.0,3774.499
5007,三星            ,37.119930267333984,129.92,293.25,2421.11,0.0,-0.31,0.0,35.0,79.0,652.239
8454,富邦媒          ,86.49747467041016,129.75,449.79,-257.79,0.0,0.47,0.71,15.0,52.0,-29.803
2404,漢唐            ,30.084518432617188,128.21,2638.09,5404.45,-0.2,6.97,16.47,42.618,876.8919999999999,1796.422
3004,豐達科          ,45.6937141418457,127.94,557.46,758.52,-0.66,0.67,12.99,28.0,122.0,166.0
3013,晟銘電          ,14.070036888122559,126.63,125.22,7.04,0.0,0.61,-1.2,90.0,89.0,5.0
3617,碩天            ,65.92272186279297,125.25,-1811.35,1174.95,-1.36,-3.13,-6.47,19.0,-274.76800000000003,178.232
2438,翔耀            ,23.520902633666992,124.66,174.05,167.0,0.32,1.98,4.04,53.0,74.0,71.0
8021,尖點            ,14.280038833618164,124.24,-993.23,-5087.35,0.89,2.73,4.87,87.0,-695.5350000000001,-3562.558
2481,強茂            ,10.62846565246582,122.23,171.12,928.93,-1.44,-0.36,2.63,115.0,161.0,874.0
1340,勝悅-KY         ,49.5237922668457,118.86,212.95,1920.04,2.04,4.48,12.0,24.0,43.0,387.7
1710,東聯            ,16.310165405273438,117.43,202.25,-4541.94,0.73,1.23,6.72,72.0,124.0,-2784.73
1467,南緯            ,15.303486824035645,116.31,472.88,-742.22,0.0,-0.31,1.9,76.0,309.0,-485.0
1444,力麗            ,7.324434757232666,114.26,242.44,960.97,0.33,-0.11,2.48,156.0,331.0,1312.0
8215,明基材          ,14.162100791931152,110.46,-81.89,365.59,1.0,1.77,6.9,78.0,-57.81999999999999,258.146
2889,國票金          ,3.926708698272705,110.34,225.0,1448.74,0.0,-0.27,1.8,281.0,573.0,3689.46
2104,國際中橡        ,14.07980728149414,108.41,422.39,951.21,-0.21,1.29,2.83,77.0,300.0,675.581
2363,矽統            ,6.843629360198975,106.08,481.79,1973.7,0.29,-1.85,1.77,155.0,704.0,2884.0
2911,麗嬰房          ,28.733295440673828,103.44,675.58,1437.01,1.25,2.21,5.54,36.0,235.12,500.12
2908,特力            ,12.322810173034668,102.28,353.66,-217.72,1.0,-0.98,2.01,83.0,287.0,-176.68200000000002
1451,年興            ,25.965343475341797,101.26,218.11,623.17,0.89,-0.22,4.64,39.0,84.0,240.0
2856,元富證          ,7.908239841461182,96.48,329.77,326.65,0.57,-0.67,0.45,122.0,417.0,413.05000000000007
3533,嘉澤            ,87.52860260009766,96.28,-3124.77,-4763.62,0.84,-2.85,-0.83,11.0,-357.0,-544.236
1714,和桐            ,5.343966960906982,95.66,148.56,1021.66,0.28,1.96,5.97,179.0,278.0,1911.807
1447,力鵬            ,7.844034194946289,95.42,422.52,1041.61,0.12,0.62,2.15,121.65,538.65,1327.9
5531,鄉林            ,9.609124183654785,95.13,320.94,1084.1,1.42,3.88,13.71,99.0,334.0,1128.2
4532,瑞智            ,14.581818580627441,93.32,176.44,1267.01,0.4,-1.17,4.55,64.0,121.0,868.899
1611,中電            ,5.546751499176025,90.97,189.14,170.29,1.07,-0.13,4.55,164.0,341.0,307.0
3026,禾伸堂          ,25.09980583190918,87.85,409.13,524.59,0.29,1.78,5.71,35.0,163.0,209.0
2923,鼎固-KY         ,14.6790189743042,86.61,105.69,119.59,-0.74,4.42,6.91,59.0,72.0,81.467
2607,榮運            ,17.276968002319336,86.38,450.93,2630.05,0.0,0.0,1.93,50.0,261.0,1522.288
5203,訊連            ,53.44552993774414,85.51,1587.33,2381.21,0.55,-0.68,7.93,16.0,297.0,445.54
2103,台橡            ,16.707521438598633,81.6,-95.5,11957.51,-0.2,-1.41,2.95,48.84,-57.15999999999997,7156.965
2545,皇翔            ,11.605490684509277,81.24,127.66,409.67,-0.81,-2.01,20.54,70.0,110.0,353.0
2466,冠西電          ,31.046607971191406,80.72,369.45,1311.99,0.29,0.74,2.4,26.0,119.0,422.588
6153,嘉聯益          ,18.66124153137207,80.24,1332.41,1153.13,1.12,2.26,4.86,43.0,714.0,617.927
9917,中保科          ,57.103153228759766,79.94,423.44,383.21,0.11,0.54,0.43,14.0,74.153,67.10900000000002
2457,飛宏            ,12.197818756103516,78.07,-68.31,3688.97,-1.55,1.6,10.92,64.0,-56.0,3024.2870000000003
3518,柏騰            ,25.956371307373047,77.87,217.77,996.65,2.86,3.04,7.87,30.0,83.9,383.97
2402,毅嘉            ,12.751701354980469,77.79,545.77,916.85,-0.62,4.53,4.53,61.0,428.0,719.0
3504,揚明光          ,33.815921783447266,77.78,314.49,1301.46,-0.57,2.52,2.67,23.0,93.0,384.867
3694,海華            ,15.239785194396973,76.2,204.21,745.23,0.31,-0.93,1.59,50.0,134.0,489.0
3047,訊舟            ,9.266510963439941,74.13,-336.37,-808.97,1.32,-1.28,-8.33,80.0,-363.0,-873.0
1530,亞崴            ,19.904491424560547,73.65,228.9,312.5,3.77,3.45,6.8,37.0,115.0,157.0
4956,光鋐            ,12.03625202178955,73.42,62.59,337.02,0.0,1.61,3.7,61.0,52.0,280.0
6191,精成科          ,5.329342842102051,73.01,296.84,751.97,0.43,0.0,7.11,137.0,557.0,1411.0
2538,基泰            ,8.260852813720703,72.7,7.43,376.69,0.34,0.34,4.27,88.0,9.0,456.0
2495,普安            ,11.738628387451172,69.26,304.03,30.52,0.59,2.72,-1.45,59.0,259.0,26.0
3003,健和興          ,28.461944580078125,68.31,-557.85,-654.62,-0.78,1.33,8.11,24.0,-196.0,-230.0
6192,巨路            ,29.263864517211914,67.31,204.85,344.14,0.98,2.67,8.97,23.0,70.0,117.6
2369,菱生            ,6.932387828826904,65.16,338.99,888.73,-0.11,2.56,7.82,94.0,489.0,1282.0
6243,迅杰            ,30.800933837890625,64.68,274.13,455.85,-0.9,-2.94,5.1,21.0,89.0,148.0
2472,立隆電          ,20.855619430541992,64.65,296.15,-4848.1,-0.58,-0.15,10.75,31.0,142.0,-2324.6
3437,榮創            ,25.83059310913086,64.58,798.17,5249.63,3.53,-3.46,9.94,25.0,309.0,2032.33
2614,東森            ,11.079854011535645,64.26,865.34,806.61,1.31,5.29,8.06,58.0,781.0,728.0
2027,大成鋼          ,7.206752777099609,64.14,28.11,797.68,-0.95,5.41,8.33,89.0,39.0,1106.849
2484,希華            ,12.299186706542969,62.73,-222.62,-154.97,0.0,4.38,6.58,51.0,-181.0,-126.0
2642,宅配通          ,20.212982177734375,62.66,101.06,119.26,0.74,0.18,1.68,31.0,50.0,59.0
9802,鈺齊-KY         ,31.100419998168945,62.2,205.26,1856.7,0.0,-5.23,-3.06,20.0,66.0,597.0
2497,怡利電          ,32.64593505859375,62.03,-117.53,195.88,0.0,-1.43,5.0,19.0,-36.0,60.0
5471,松翰            ,21.04682159423828,61.04,273.61,218.89,0.98,1.99,1.27,29.0,130.0,104.0
2328,廣宇            ,9.298149108886719,60.44,177.71,408.93,6.2,3.63,7.08,65.0,191.123,439.79499999999996
2413,環科            ,14.570765495300293,59.74,421.1,933.99,1.96,2.63,10.64,41.0,289.0,641.0
5907,大洋-KY         ,18.479602813720703,59.13,-491.56,-3030.65,2.25,2.25,7.08,32.0,-266.0,-1640.0
5608,四維航          ,15.37957763671875,58.44,139.95,440.16,-0.4,7.39,8.81,38.0,91.0,286.199
3653,健策            ,31.81161880493164,57.26,54.08,591.7,0.11,1.72,8.59,18.0,17.0,186.0
4952,凌通            ,19.969219207763672,55.91,-818.74,-4371.26,0.0,-0.77,10.16,28.0,-410.0,-2189.0
3209,全科            ,10.152064323425293,54.82,180.71,284.61,1.28,5.31,9.47,54.0,178.0,280.35
2430,燦坤            ,15.734509468078613,53.5,358.75,566.44,3.26,6.73,9.36,34.0,228.0,360.0
6184,大豐電          ,23.261920928955078,53.5,48.85,186.1,-0.63,-2.26,-5.19,23.0,21.0,80.0
2012,春雨            ,8.179226875305176,53.16,95.7,87.52,0.0,-1.07,0.0,65.0,117.0,107.0
6443,元晶            ,21.897966384887695,52.56,-573.73,52.56,-2.67,-6.82,16.73,24.0,-262.0,24.0
2812,台中銀          ,4.394330978393555,52.29,-269.81,-1047.68,0.44,-0.22,-0.98,119.0,-614.0,-2384.167
3038,全台            ,6.647627830505371,49.86,63.82,-83.76,0.0,7.25,21.58,75.0,96.0,-126.0
2505,國揚            ,14.157732963562012,49.55,597.46,1151.76,-0.48,0.97,0.0,35.0,422.0,813.5219999999999
6189,豐藝            ,14.327142715454102,48.71,189.12,438.15,-0.15,1.65,13.36,34.0,132.0,305.819
0055,元大MSCI金融    ,8.546092987060547,47.86,220.49,-1263.97,0.83,0.66,1.76,56.0,258.0,-1479.0
3016,嘉晶            ,15.189435005187988,47.09,363.03,903.77,-0.58,-5.03,27.82,31.0,239.0,595.0
9924,福興            ,27.46914291381836,46.7,-1065.8,2494.2,0.11,-2.21,-0.89,17.0,-388.0,908.0
2373,震旦行          ,41.610042572021484,45.77,199.73,830.0,0.56,1.31,2.65,11.0,48.0,199.471
6412,群電            ,20.41022300720215,44.9,-299.29,-805.25,0.27,-1.71,0.27,22.0,-146.637,-394.533
3032,偉訓            ,14.90554141998291,44.72,137.13,-889.86,0.0,1.15,7.32,30.0,92.0,-597.0
3090,日電貿          ,10.529354095458984,44.22,68.44,117.14,2.22,2.91,5.5,42.0,65.0,111.25
2029,盛餘            ,11.615211486816406,44.14,254.37,224.17,0.0,2.81,8.28,38.0,219.0,193.0
2496,卓越            ,43.98723602294922,43.99,79.18,1970.63,-8.18,-13.1,-16.57,10.0,18.0,448.0
1201,味全            ,14.957480430603027,43.38,91.24,1269.89,-0.55,1.68,3.41,29.0,61.0,849.0
2331,精英            ,15.829851150512695,42.74,-1310.71,122.58,0.47,0.47,9.69,27.0,-828.0,77.43699999999993
4906,正文            ,12.192850112915039,42.67,2619.02,3560.7,0.0,2.2,-3.64,35.0,2148.0,2920.322
1446,宏和            ,16.1855411529541,42.08,58.27,24.28,0.26,-0.52,2.66,26.0,36.0,15.0
8081,致新            ,41.95932388305664,41.96,-158.57,-222.02,1.02,23.28,36.74,10.0,-37.791,-52.91199999999999
6197,佳必琪          ,16.7507266998291,41.88,179.23,505.87,-1.04,4.21,4.4,25.0,107.0,302.0
3027,盛達            ,13.947659492492676,41.84,131.11,76.71,0.69,8.99,19.26,30.0,94.0,54.997
4994,傳奇            ,81.59315490722656,40.8,-65.27,-89.75,-1.05,0.15,-6.52,5.0,-8.0,-11.0
2836,高雄銀          ,5.01314640045166,40.61,93.75,104.91,0.58,0.94,-0.23,81.0,187.0,209.26600000000002
9136,巨騰-DR         ,9.355427742004395,40.23,156.24,-1107.68,-0.37,-3.9,1.88,43.0,167.0,-1184.0
6196,帆宣            ,16.73090362548828,40.15,640.79,734.49,0.39,6.2,17.89,24.0,383.0,439.0
1506,正道            ,14.676206588745117,39.63,46.96,321.41,0.33,0.33,-4.11,27.0,32.0,219.0
2477,美隆電          ,7.917943000793457,38.8,48.3,14.25,1.27,0.0,0.84,49.0,61.0,18.0
2239,英利-KY         ,129.06698608398438,38.72,851.84,2645.87,0.0,1.23,14.98,3.0,66.0,205.0
1903,士紙            ,29.700000762939453,38.61,70.29,215.82,1.02,1.89,3.3,13.0,23.668,72.668
3532,台勝科          ,54.43918991088867,38.11,114.32,-546.6,-0.27,-0.68,13.95,7.0,21.0,-100.405
1905,華紙            ,7.527860641479492,37.64,169.44,73.93,0.21,0.97,2.19,50.0,225.086,98.20800000000003
8131,福懋科          ,10.742196083068848,36.52,-179.39,-111.72,0.49,2.0,5.99,34.0,-167.0,-104.0
0057,富邦摩台        ,36.089542388916016,36.09,32.48,-162.4,0.81,-0.32,2.85,10.0,9.0,-45.0
2605,新興            ,14.251604080200195,35.63,-709.73,-946.57,0.74,6.79,4.87,25.0,-498.0,-664.182
6205,詮欣            ,17.76259422302246,35.53,21.32,-37.3,1.07,-4.07,7.41,20.0,12.0,-21.0
4930,燦星網          ,13.629034996032715,35.44,203.07,246.72,-0.66,4.12,8.6,26.0,149.0,181.027
4164,承業醫          ,38.868045806884766,34.98,206.0,716.76,-0.69,-2.05,2.68,9.0,53.0,184.409
8103,瀚荃            ,18.3553524017334,33.04,273.49,20.19,1.01,-0.2,11.41,18.0,149.0,11.0
1417,嘉裕            ,4.8983073234558105,32.82,175.85,481.99,0.4,0.2,1.4,67.0,359.0,984.0
2536,宏普            ,13.990082740783691,32.18,294.09,464.76,0.68,1.14,9.07,23.0,210.20999999999998,332.21
1108,幸福            ,6.298553466796875,32.12,-87.32,-192.5,0.31,-0.31,2.63,51.0,-138.63,-305.63
3257,虹冠電          ,22.49571418762207,31.49,166.47,291.71,0.84,1.7,3.33,14.0,74.0,129.675
9937,全國            ,23.726844787597656,30.84,2.37,242.55,0.98,-0.28,0.42,13.0,1.0,102.225
2534,宏盛            ,9.059176445007324,30.8,-46.2,-880.55,0.7,0.35,2.51,34.0,-51.0,-972.0
2030,彰源            ,6.541769504547119,29.44,112.52,19.5,-1.42,8.52,14.84,45.0,172.0,29.815999999999995
1709,和益            ,8.64232063293457,29.38,348.29,426.93,-0.63,4.98,7.85,34.0,403.0,494.0
2450,神腦            ,23.968585968017578,28.76,160.59,357.09,0.23,4.12,11.06,12.0,67.0,148.982
4746,台耀            ,57.21011734008789,28.61,1029.78,2413.17,-1.35,-3.18,4.29,5.0,180.0,421.80899999999997
5521,工信            ,9.194077491760254,28.5,-523.14,-76.44,0.0,1.78,5.53,31.0,-569.0,-83.14200000000001
4942,嘉彰            ,11.334670066833496,28.34,37.4,53.27,-0.25,1.75,-5.8,25.0,33.0,47.0
0051,元大中型100     ,17.654664993286133,28.25,65.32,37.07,0.54,-0.2,2.74,16.0,37.0,21.0
2524,京城            ,16.39251708984375,27.87,99.99,-92.98,0.56,-0.55,-2.18,17.0,61.0,-56.72
3622,洋華            ,8.434617042541504,27.83,180.5,364.38,1.37,3.74,6.73,33.0,214.0,432.0
5225,東科-KY         ,27.73029327392578,27.73,-77.64,-99.83,-1.17,4.95,6.15,10.0,-28.0,-36.0
3515,華擎            ,25.15447425842285,27.67,105.65,311.92,-0.48,-4.31,5.26,11.0,42.0,124.0
2426,鼎元            ,10.586434364318848,27.52,-579.48,-2455.91,-0.66,-2.29,4.18,26.0,-547.376,-2319.867
3607,谷崧            ,34.32015609741211,27.46,-1308.42,-3909.91,0.43,2.77,3.57,8.0,-381.24,-1139.245
3229,晟鈦            ,39.13043212890625,27.39,39.13,11.74,0.75,-1.82,9.76,7.0,10.0,3.0
3048,益登            ,9.124617576599121,27.37,-42.89,365.13,1.08,-1.58,6.57,30.0,-47.0,400.15999999999997
2852,第一保          ,6.419440269470215,26.96,34.02,-234.95,0.93,1.87,0.0,42.0,53.0,-366.0
1315,達新            ,22.393951416015625,26.87,24.63,0.24,-0.85,0.43,2.43,12.0,11.0,0.10599999999999987
3028,增你強          ,8.6430025100708,26.79,7.78,-195.33,2.43,3.37,6.65,31.0,9.0,-226.0
1432,大魯閣          ,32.96974563598633,26.38,247.27,642.91,0.48,0.48,4.0,8.0,75.0,195.0
1604,聲寶            ,7.482245922088623,26.19,-19.45,-295.55,1.67,2.09,5.63,35.0,-26.0,-395.0
1909,榮成            ,7.416027545928955,25.96,-581.42,-2351.92,2.39,1.9,7.21,35.0,-784.0,-3171.405
8926,台汽電          ,14.100866317749023,25.38,228.43,101.73,0.0,5.38,6.06,18.0,162.0,72.14099999999999
2365,昆盈            ,7.410747528076172,25.2,44.46,122.53,0.44,-0.33,-6.1,34.0,60.0,165.34699999999998
2476,鉅祥            ,15.695691108703613,25.11,185.21,465.5,-1.44,7.62,9.34,16.0,118.0,296.579
1445,大宇            ,6.266674041748047,25.07,50.13,50.13,-0.33,-0.33,-0.44,40.0,80.0,80.0
2010,春源            ,5.993928909301758,24.58,91.71,18.58,0.32,4.84,7.92,41.0,153.0,31.0
3338,泰碩            ,17.3468074798584,24.29,85.0,-34.69,-0.57,-5.62,11.8,14.0,49.0,-20.0
4984,科納-KY         ,40.464439392089844,24.28,-1102.91,-2672.94,-0.62,8.39,10.27,6.0,-272.56399999999996,-660.564
1503,士電            ,30.112850189208984,24.09,42.74,-263.44,0.25,-0.88,0.0,8.0,14.192,-87.484
3535,晶彩科          ,8.600603103637695,24.08,26.66,29.24,1.48,1.16,18.25,28.0,31.0,34.0
2431,聯昌            ,12.663812637329102,24.06,-11.4,435.64,0.34,-2.65,5.0,19.0,-9.0,344.0
2608,嘉里大榮        ,23.746421813964844,23.75,59.37,391.24,0.0,0.66,3.38,10.0,25.0,164.75799999999998
2705,六福            ,18.22762107849121,23.7,147.64,1119.18,-0.48,-0.96,0.98,13.0,81.0,614.0
9905,大華            ,16.890901565551758,23.65,-97.97,-207.76,0.53,1.06,3.25,14.0,-58.0,-123.0
1215,卜蜂            ,12.438661575317383,23.63,-224.39,-1105.26,0.66,2.7,3.17,19.0,-180.4,-888.571
8271,宇瞻            ,14.740840911865234,23.59,-215.22,-98.76,0.6,1.5,4.64,16.0,-146.0,-67.0
6133,金橋            ,8.418676376342773,23.57,28.62,276.97,-1.31,-1.7,-1.21,28.0,34.0,329.0
6224,聚鼎            ,39.13950729370117,23.48,-230.92,-1561.67,0.15,2.53,5.19,6.0,-59.0,-399.0
2015,豐興            ,21.11533546447754,23.23,-168.92,-1378.38,0.39,0.91,4.3,11.0,-80.0,-652.784
5469,瀚宇博          ,7.24554443359375,23.19,238.38,651.37,0.98,0.49,5.08,32.0,329.0,899.0
2511,太子            ,5.597553730010986,22.95,83.96,64.69,0.42,2.38,2.71,41.0,150.0,115.57400000000001
3029,零壹            ,9.469395637512207,22.73,46.4,394.72,0.0,3.15,5.26,24.0,49.0,416.83799999999997
5515,建國            ,5.183542251586914,22.29,62.2,153.95,0.68,2.08,3.88,43.0,120.0,297.0
8070,長華*           ,4.988193511962891,21.95,118.22,3.49,-1.22,4.82,12.77,44.0,237.0,7.0
9911,櫻花            ,12.622780799865723,21.46,102.24,174.19,-0.27,-0.81,1.65,17.0,81.0,138.0
8422,可寧衛*         ,9.732797622680664,21.41,396.12,227.88,0.29,3.9,4.85,22.0,407.0,234.14
1904,正隆            ,7.3164448738098145,21.22,60.73,-334.1,0.44,1.79,4.59,29.0,83.0,-456.647
3015,全漢            ,12.070854187011719,19.31,86.91,19.65,0.43,0.87,10.21,16.0,72.0,16.275999999999996
1419,新紡            ,27.093915939331055,18.97,135.47,414.54,0.14,0.28,2.13,7.0,50.0,153.0
2338,光罩            ,7.829665660858154,18.79,363.3,686.66,1.17,0.11,-0.11,24.0,464.0,877.0
8110,華東            ,6.804948806762695,18.37,139.5,-3376.96,0.74,2.5,1.99,27.0,205.0,-4962.5
1519,華城            ,10.650341033935547,18.11,-31.95,21.3,0.0,0.0,6.19,17.0,-30.0,20.0
2351,順德            ,19.888439178466797,17.9,0.0,-642.4,0.55,4.55,8.24,9.0,0.0,-323.0
1321,大洋            ,25.168935775756836,17.62,187.5,839.38,0.19,-1.1,10.22,7.0,74.497,333.497
9935,慶豐富          ,8.738990783691406,17.48,14.86,42.82,0.45,5.63,8.17,20.0,17.0,49.0
3591,艾笛森          ,13.316226959228516,17.31,275.65,661.82,-0.31,1.24,4.82,13.0,207.0,497.0
1104,環泥            ,10.778695106506348,17.25,-180.0,-746.59,0.24,-0.24,3.43,16.0,-167.0,-692.649
1314,中石化          ,6.605990886688232,16.83,-23.25,4217.52,-0.13,0.13,0.13,25.471,-35.19399999999999,6384.388
2486,一詮            ,9.335492134094238,16.8,70.95,301.5,0.0,1.55,6.03,18.0,76.0,322.96299999999997
9930,中聯資源        ,33.22661209106445,16.61,-9.97,-56.21,0.99,2.5,3.37,5.0,-3.0,-16.917
6202,盛群            ,32.6741943359375,16.34,-267.93,-4034.68,1.18,-0.58,4.69,5.0,-82.0,-1234.8220000000001
2722,夏都            ,32.423553466796875,16.21,16.21,-12.97,0.0,0.22,0.0,5.0,5.0,-4.0
1218,泰山            ,8.521842956542969,16.19,51.98,317.75,0.83,0.83,3.39,19.0,61.0,372.861
3703,欣陸            ,6.91813325881958,15.91,374.96,793.51,3.12,5.96,20.69,23.0,542.0,1147.0
6216,居易            ,14.382262229919434,15.82,10.07,-12.94,0.0,1.44,8.46,11.0,7.0,-9.0
1618,合機            ,5.857400894165039,15.81,28.7,291.11,-0.41,-2.14,-6.39,27.0,49.0,497.0
6136,富爾特          ,12.860612869262695,15.43,38.58,-5.14,0.21,-0.21,4.2,12.0,30.0,-4.0
1234,黑松            ,21.48721694946289,15.04,68.76,334.54,0.43,3.08,5.56,7.0,32.0,155.692
1229,聯華            ,6.473312854766846,14.89,-105.57,-172.62,0.53,1.33,1.87,23.0,-163.07999999999998,-266.659
5607,遠雄港          ,9.267601013183594,14.83,56.53,36.14,-0.34,-0.67,1.72,16.0,61.0,39.0
3050,鈺德            ,5.450464248657227,13.63,22.89,3.82,2.53,3.44,3.97,25.0,42.0,7.0
3588,通嘉            ,19.40351676940918,13.58,5.82,228.96,0.84,-0.17,8.12,7.0,3.0,118.0
2434,統懋            ,26.496557235717773,13.25,13.25,-31.8,-1.39,-1.09,1.43,5.0,5.0,-12.0
6155,鈞寶            ,11.892627716064453,13.08,26.16,24.97,2.58,1.13,2.87,11.0,22.0,21.0
2816,旺旺保          ,9.90009593963623,12.87,28.71,68.31,0.34,-0.34,2.09,13.0,29.0,69.0
6235,華孚            ,7.109422206878662,12.8,8.53,-36.97,2.72,4.3,10.53,18.0,12.0,-52.0
6702,興航            ,7.5,12.75,65.25,83.25,0.54,0.4,2.32,17.0,87.0,111.0
1734,杏輝            ,21.039539337158203,12.62,14.73,846.29,0.0,-1.05,3.27,6.0,7.0,402.24
2539,櫻花建          ,5.644466876983643,12.42,5.64,18.63,1.63,2.67,2.67,22.0,10.0,33.0
3056,富華新          ,2.8193581104278564,12.41,32.7,99.9,0.81,3.75,5.51,44.0,116.0,354.35
3679,新至陞          ,24.82977294921875,12.41,27.31,65.16,0.23,2.14,4.38,5.0,11.0,26.241
2704,國賓            ,22.998394012451172,11.5,126.49,13.8,-0.38,-0.19,-1.5,5.0,55.0,6.0
1773,勝一            ,13.688552856445312,10.95,24.64,56.12,0.62,2.41,2.8,8.0,18.0,41.0
9944,新麗            ,20.303142547607422,10.15,-10.15,40.61,0.2,14.09,20.0,5.0,-5.0,20.0
1309,台達化          ,5.032871246337891,10.07,55.36,305.82,0.39,0.26,3.52,20.0,110.0,607.65
2530,華建            ,11.0978422164917,9.99,105.43,333.74,-0.89,1.52,3.41,9.0,95.0,300.725
2617,台航            ,8.978689193725586,9.88,23.34,74.52,-1.07,9.49,10.8,11.0,26.0,83.0
3645,達邁            ,19.683958053588867,9.84,1.97,1096.66,-1.28,-3.41,7.58,5.0,1.0,557.135
1323,永裕            ,16.06743049621582,9.64,-36.96,-173.69,5.43,4.17,11.25,6.0,-23.0,-108.1
1232,大統益          ,45.3589973449707,9.07,86.18,-108.78,0.27,0.67,1.08,2.0,19.0,-23.981
2433,互盛電          ,22.503061294555664,9.0,-22.5,-85.51,0.79,0.45,2.16,4.0,-10.0,-38.0
1721,三晃            ,11.1687650680542,8.94,-35.74,15.64,-0.4,-1.59,12.27,8.0,-32.0,14.0
6215,和椿            ,8.882326126098633,8.88,13.32,82.61,2.05,-3.49,12.67,10.0,15.0,93.0
2851,中再保          ,8.613404273986816,8.61,45.65,8.61,-0.67,0.68,2.41,10.0,53.0,10.0
2506,太設            ,12.190956115722656,8.53,-7.31,-109.05,0.34,0.0,0.68,7.0,-6.0,-89.45
1528,恩德            ,7.751190662384033,8.53,20.93,24.8,0.0,-1.1,9.49,11.0,27.0,32.0
2017,官田鋼          ,4.950191020965576,8.42,-61.38,144.89,0.85,2.16,4.71,17.0,-124.0,292.7
9912,偉聯            ,8.260000228881836,8.26,9.09,4.96,-0.12,-0.48,-0.48,10.0,11.0,6.0
5533,皇鼎            ,10.271135330200195,8.22,-126.85,-179.23,0.0,-0.29,0.3,8.0,-123.5,-174.5
0054,元大台商50      ,19.950000762939453,7.98,139.65,185.54,0.86,-0.99,2.78,4.0,70.0,93.0
1806,冠軍            ,5.6914472579956055,7.97,21.63,118.38,0.0,1.34,2.1,14.0,38.0,208.0
6464,台數科          ,74.68628692626953,7.47,-507.87,-1558.23,-1.52,1.56,1.96,1.0,-68.0,-208.637
1535,中宇            ,37.20822525024414,7.44,-72.72,-221.56,0.17,2.27,8.52,2.0,-19.545,-59.545
4557,永新-KY         ,36.994266510009766,7.4,-66.59,-207.17,0.14,-1.47,1.79,2.0,-18.0,-56.0
6278,台表科          ,18.628061294555664,7.26,102.32,233.17,0.51,1.56,6.15,3.9,54.925999999999995,125.16999999999996
9902,台火            ,7.884078502655029,7.1,-13.4,-3.94,-0.72,4.24,6.79,9.0,-17.0,-5.0
8033,雷虎            ,8.638702392578125,6.91,6.91,4.32,-0.11,5.48,8.0,8.0,8.0,5.0
9927,泰銘            ,22.661680221557617,6.8,-165.43,-705.02,-0.68,1.4,3.02,3.0,-73.0,-311.108
1626,艾美特-KY       ,16.76116943359375,6.7,21.79,-30.17,-1.58,1.16,3.82,4.0,13.0,-18.0
1110,東泥            ,13.22585391998291,6.61,14.55,-208.97,1.05,-1.37,3.97,5.0,11.0,-158.0
6108,競國            ,8.219017028808594,6.58,139.72,296.71,0.0,1.53,11.76,8.0,170.0,361.0
2483,百容            ,12.978525161743164,6.49,57.11,198.57,0.0,3.28,8.62,5.0,44.0,153.0
2462,良得電          ,12.7426118850708,6.37,31.86,109.59,0.58,2.35,5.44,5.0,25.0,86.0
9939,宏全            ,30.81818389892578,6.16,1867.58,1555.98,0.94,2.97,7.9,2.0,606.0,504.891
6164,華興            ,8.768378257751465,6.14,43.84,112.24,0.5,1.6,5.18,7.0,50.0,128.0
2443,昶虹            ,7.139999866485596,5.71,9.28,129.95,-1.38,-1.24,-1.38,8.0,13.0,182.0
2478,大毅            ,18.839080810546875,5.65,43.33,374.9,-1.69,-1.36,-1.02,3.0,23.0,199.0
2616,山隆            ,13.972729682922363,5.59,16.77,-22.36,0.21,-0.84,3.72,4.0,12.0,-16.0
1231,聯華食          ,10.868934631347656,5.43,38.04,72.03,1.03,2.27,0.0,5.0,35.0,66.27199999999999
3356,奇偶            ,49.34980010986328,4.93,80.93,802.74,1.22,3.32,5.06,1.0,16.4,162.663
2459,敦吉            ,15.891560554504395,4.77,-54.98,-413.5,0.0,1.06,4.06,3.0,-34.6,-260.2
1474,弘裕            ,7.442909240722656,4.47,20.84,162.26,0.99,4.83,8.97,6.0,28.0,218.0
4912,聯德控股-KY     ,44.742191314697266,4.47,22.37,738.25,-0.69,-0.58,3.24,1.0,5.0,165.0
1515,力山            ,7.435881614685059,4.46,20.08,78.08,0.0,0.95,4.43,6.0,27.0,105.0
2535,達欣工          ,8.518489837646484,4.26,18.74,117.56,-0.32,0.32,7.99,5.0,22.0,138.0
2417,圓剛            ,10.295755386352539,4.12,12.35,1227.21,0.1,-2.2,-1.91,4.0,12.0,1191.9569999999999
1442,名軒            ,7.997231960296631,4.0,-2.4,25.59,0.29,0.89,2.1,5.0,-3.0,32.0
1472,三洋實業        ,38.49497985839844,3.85,-50.04,46.19,-0.82,2.11,2.11,1.0,-13.0,12.0
2114,鑫永銓          ,37.901451110839844,3.79,-174.35,-302.07,-1.46,6.32,9.93,1.0,-46.0,-79.699
4722,國精化          ,18.49834632873535,3.7,251.58,2075.51,-0.3,-1.04,4.7,2.0,136.0,1122.0
0052,富邦科技        ,36.208274841308594,3.62,3.62,65.17,0.72,0.26,4.41,1.0,1.0,18.0
5285,界霖            ,17.36829948425293,3.47,3.47,-36.47,-4.86,-2.49,-2.32,2.0,2.0,-21.0
5538,東明-KY         ,14.858386993408203,2.97,8.92,133.73,0.0,1.98,2.38,2.0,6.0,90.0
3149,正達            ,29.7261905670166,2.97,1114.73,3462.06,2.94,8.41,8.41,1.0,375.0,1164.65
1526,日馳            ,9.44428825378418,2.83,-0.94,-6.61,0.0,0.0,0.0,3.0,-1.0,-7.0
2109,華豐            ,9.325176239013672,2.8,1.87,79.26,0.0,1.8,-2.59,3.0,2.0,85.0
2613,中櫃            ,9.087605476379395,2.73,1.82,5.45,0.39,0.39,3.66,3.0,2.0,6.0
9940,信義            ,13.203296661376953,2.64,80.54,79.35,-0.94,-2.05,0.96,2.0,61.0,60.101
6226,光鼎            ,5.170910835266113,2.59,2.07,9.82,4.79,1.25,8.17,5.0,4.0,19.0
1475,業旺            ,6.384522438049316,2.55,-0.64,1.28,-0.12,-0.37,-2.2,4.0,-1.0,2.0
4133,亞諾法          ,24.345474243164062,2.43,9.74,211.81,-0.66,-3.51,3.42,1.0,4.0,87.0
1730,花仙子          ,21.78169059753418,2.18,-91.48,54.45,0.84,0.14,3.32,1.0,-42.0,25.0
3669,圓展            ,10.059876441955566,2.01,170.01,408.43,0.0,-0.66,0.34,2.0,169.0,406.0
1540,喬福            ,9.592543601989746,1.92,-0.96,-0.96,-0.64,0.32,4.75,2.0,-1.0,-1.0
2838,聯邦銀          ,4.654296398162842,1.86,-39.1,38.5,0.0,-0.54,0.76,4.0,-84.0,82.71699999999998
2906,高林            ,9.18423080444336,1.84,-5.51,-126.74,5.7,6.17,7.11,2.0,-6.0,-138.0
6142,友勁            ,6.099859714508057,1.83,5.49,-46.36,0.18,2.89,8.17,3.0,9.0,-76.0
2527,宏璟            ,8.734981536865234,1.75,-45.42,-125.78,1.59,-0.31,5.28,2.0,-52.0,-144.0
8011,台通            ,17.2808895111084,1.73,-12.1,8.11,-0.49,1.51,-3.13,1.0,-7.0,4.692
3167,大量            ,17.206064224243164,1.72,3.44,10.32,0.0,2.77,7.12,1.0,2.0,6.0
3432,台端            ,16.94562530517578,1.69,-15.25,15.25,-0.85,-0.43,2.63,1.0,-9.0,9.0
3305,昇貿            ,16.486352920532227,1.65,-32.97,-272.02,0.0,-2.69,1.61,1.0,-20.0,-165.0
1438,三地開發        ,7.89793062210083,1.58,0.79,68.71,1.18,-4.02,-3.8,2.0,1.0,87.0
1203,味王            ,15.734996795654297,1.57,-9.44,-147.91,0.22,-0.22,-1.11,1.0,-6.0,-94.0
1603,華電            ,13.34480094909668,1.33,-21.35,-61.39,0.0,0.83,0.0,1.0,-16.0,-46.0
2706,第一店          ,12.842824935913086,1.28,68.19,337.89,0.27,-0.53,-0.53,1.0,53.094,263.094
4720,德淵            ,12.326897621154785,1.23,-11.09,0.0,0.0,3.66,5.92,1.0,-9.0,0.0
1316,上曜            ,10.286710739135742,1.03,-1.03,-51.43,-0.3,-1.01,-0.1,1.0,-1.0,-50.0
2020,美亞            ,4.9220871925354,0.98,17.23,33.96,-1.97,-0.8,-1.19,2.0,35.0,69.0
2415,錩新            ,8.300764083862305,0.83,-4.98,-10.79,0.39,1.19,4.94,1.0,-6.0,-13.0
3046,建碁            ,7.656799793243408,0.77,-11.49,-63.55,0.99,0.11,-1.08,1.0,-15.0,-83.0
9906,欣巴巴          ,6.724649429321289,0.67,0.0,-1.34,1.0,7.75,7.52,1.0,0.0,-2.0
3031,佰鴻            ,5.877050876617432,0.59,-19.39,-182.19,0.22,0.89,-0.98,1.0,-33.0,-310.0
1616,億泰            ,4.077114105224609,0.41,-0.41,20.39,1.15,2.1,2.34,1.0,-1.0,50.0
9955,佳龍            ,13.149999618530273,0.0,-51.28,-117.03,0.77,-0.75,11.91,0.0,-39.0,-89.0
0059,富邦金融        ,28.65999984741211,0.0,-2.87,-45.86,0.88,0.6,2.07,0.0,-1.0,-16.0
0058,富邦發達        ,35.31999969482422,0.0,-17.66,-42.38,0.97,0.48,2.64,0.0,-5.0,-12.0
9106,新焦點-DR       ,1.840000033378601,0.0,-2.02,-23.37,-7.07,-7.07,-26.4,0.0,-11.0,-127.0
8940,新天地          ,15.5,0.0,0.0,-3.1,0.0,-0.64,0.65,0.0,0.0,-2.0
8463,潤泰材          ,16.053964614868164,0.0,-4.82,-27.29,0.0,-1.78,6.25,0.0,-3.0,-17.0
2546,根基            ,6.583070278167725,0.0,5.27,4.61,0.32,1.62,7.19,0.0,8.0,7.0
2888,新光金          ,0.0,0.0,-0.0,-0.0,0.0,0.0,0.0,3306.319,-14708.285,-81821.949
2712,遠雄來          ,23.075481414794922,0.0,-2.31,-4.62,0.0,0.0,2.64,0.0,-1.0,-2.0
2701,萬企            ,10.333826065063477,0.0,2.07,82.67,0.0,-1.02,0.0,0.0,2.0,80.0
8443,阿瘦            ,17.52372932434082,0.0,-12.27,38.55,0.48,-0.95,1.46,0.0,-7.0,22.0
8427,基勝-KY         ,0.0,0.0,-0.0,-0.0,0.0,0.0,0.0,2.0,-20.773,-96.73
8411,福貞-KY         ,20.565147399902344,0.0,-2.06,-14.58,0.0,0.94,4.09,0.0,-1.0,-7.088000000000001
1416,廣豐            ,12.504344940185547,0.0,-3.75,-48.15,0.28,0.56,3.77,0.0,-3.0,-38.505
0060,新台灣          ,0.0,0.0,0.0,0.0,0.0,0.0,0.0,22.0,127.0,265.0
1220,台榮            ,6.754992961883545,0.0,0.0,-3.38,-0.47,0.0,0.48,0.0,0.0,-5.0
1219,福壽            ,10.15521240234375,0.0,3.05,-89.37,0.34,0.69,9.74,0.0,3.0,-88.0
1213,大飲            ,14.330768585205078,0.0,0.0,-10.03,2.53,4.85,8.36,0.0,0.0,-7.0
1262,綠悅-KY         ,0.0,0.0,-0.0,-0.0,0.0,0.0,0.0,6.0,-98.0,-628.516
1324,地球            ,8.606315612792969,0.0,0.0,3.44,-0.9,-0.9,0.46,0.0,0.0,4.0
1325,恆大            ,16.53744888305664,0.0,13.23,29.77,0.24,-0.24,0.96,0.0,8.0,18.0
1410,南染            ,18.251110076904297,0.0,-1.83,41.98,0.84,0.0,1.27,0.0,-1.0,23.0
1413,宏洲            ,7.070000171661377,0.0,21.92,35.35,1.73,-0.56,-0.7,0.0,31.0,50.0
1414,東和            ,5.047619342803955,0.0,-5.05,-106.0,0.0,-2.2,-1.27,0.0,-10.0,-210.0
8261,富鼎            ,19.428176879882812,0.0,-9.71,-29.14,-0.19,6.37,16.4,0.0,-5.0,-15.0
2540,愛山林          ,4.724195957183838,0.0,-0.94,-1.42,0.0,-0.69,-6.49,0.0,-2.0,-3.0
2543,皇昌            ,3.974578857421875,0.0,1.59,3.97,0.37,-0.37,1.11,0.0,4.0,10.0
1435,中福            ,4.630000114440918,0.0,0.46,1.85,-0.43,-1.49,-1.49,0.0,1.0,4.0
1423,利華            ,8.029261589050293,0.0,0.0,-1.61,-0.3,-0.45,0.15,0.0,0.0,-2.0
1470,大統新創        ,13.891961097717285,0.0,13.89,23.62,1.06,1.6,2.69,0.0,10.0,17.0
1466,聚隆            ,14.353846549987793,0.0,-15.79,-70.33,-0.32,-2.2,-2.81,0.0,-11.0,-49.0
2901,欣欣            ,22.845722198486328,0.0,-2.28,9.14,0.19,0.0,0.97,0.0,-1.0,4.0
2611,志信            ,4.734248638153076,0.0,0.95,-9.94,0.27,-1.47,0.14,0.0,2.0,-21.0
1443,立益物流        ,5.119999885559082,0.0,0.51,9.22,-1.16,1.39,-4.48,0.0,1.0,18.0
2528,皇普            ,4.861780166625977,0.0,1.46,0.0,-4.93,-6.87,-5.49,0.0,3.0,0.0
2482,連宇            ,11.19383430480957,0.0,-24.63,34.7,0.0,-1.57,5.46,0.0,-22.0,31.0
2475,華映            ,0.0,-0.0,-0.0,-0.0,0.0,0.0,0.0,-29.0,-435.0,-830.0
2471,資通            ,6.937135219573975,0.0,0.0,0.69,1.14,2.69,0.0,0.0,0.0,1.0
2468,華經            ,7.48106050491333,0.0,0.0,-0.75,1.48,1.98,0.49,0.0,0.0,-1.0
3021,鴻名            ,9.221935272216797,0.0,-0.92,21.21,0.0,-0.42,3.96,0.0,-1.0,23.0
3002,歐格            ,8.09328556060791,0.0,-5.67,-11.33,-0.49,-2.42,-4.72,0.0,-7.0,-14.0
2509,全坤建          ,11.243080139160156,0.0,0.0,-29.23,-0.46,-1.36,0.69,0.0,0.0,-26.0
2499,東貝            ,0.0,0.0,-0.0,0.0,0.0,0.0,0.0,92.0,-292.0,370.0
6422,君耀-KY         ,0.0,0.0,-0.0,-0.0,0.0,0.0,0.0,39.0,-63.0,-203.0
6286,立錡            ,0.0,-0.0,-0.0,0.0,0.0,0.0,0.0,-185.0,-679.873,1468.1100000000001
6281,全國電          ,29.821548461914062,0.0,-2.98,-483.11,0.88,1.97,3.45,0.0,-1.0,-162.0
6251,定穎            ,0.0,0.0,0.0,0.0,0.0,0.0,0.0,29.0,90.0,184.51600000000002
1465,偉全            ,9.295652389526367,0.0,0.0,20.45,0.69,-1.35,1.04,0.0,0.0,22.0
1453,大將            ,5.939084053039551,0.0,-2.38,0.0,1.32,0.26,-1.03,0.0,-4.0,0.0
1449,佳和            ,14.520885467529297,0.0,15.97,85.67,0.74,0.37,0.74,0.0,11.0,59.0
1436,華友聯          ,11.858007431030273,0.0,0.0,-7.11,0.0,-0.37,-0.74,0.0,0.0,-6.0
2437,旺詮            ,0.0,0.0,0.0,0.0,0.0,0.0,0.0,19.0,57.0,43.0
2440,太空梭          ,8.069999694824219,0.0,0.0,5.65,0.75,3.2,2.93,0.0,0.0,7.0
2442,新美齊          ,4.570073127746582,0.0,9.14,3.66,0.5,-3.83,-0.5,0.0,20.0,8.0
1516,川飛            ,10.67648983001709,0.0,-1.07,28.83,0.0,-1.64,-2.33,0.0,-1.0,27.0
3024,憶聲            ,3.0706889629364014,0.0,-51.89,-99.8,0.85,1.13,-3.77,0.0,-169.0,-325.0
2460,建通            ,8.845272064208984,0.0,-1.77,51.94,0.45,0.56,6.26,0.0,-2.0,58.72
2456,奇力新          ,0.0,0.0,-0.0,-0.0,0.0,0.0,0.0,120.0,-1612.0,-3402.584
2453,凌群            ,6.47935152053833,0.0,-1.94,26.57,1.46,2.45,2.96,0.0,-3.0,41.0
6183,關貿            ,17.484745025634766,0.0,-3.5,12.24,-0.77,1.18,1.98,0.0,-2.0,7.0
6177,達麗            ,6.603759288787842,0.0,1.98,25.75,-0.52,-0.26,-0.78,0.0,3.0,39.0
1592,英瑞-KY         ,0.0,0.0,0.0,0.0,0.0,0.0,0.0,0.0,0.0,1.0
1558,伸興            ,74.87134552001953,0.0,-610.77,-797.95,0.36,0.36,-1.4,0.0,-81.576,-106.576
6165,浪凡            ,10.964649200439453,0.0,0.0,-4.39,-0.88,2.75,14.17,0.0,0.0,-4.0
1507,永大            ,0.0,0.0,0.0,-0.0,0.0,0.0,0.0,99.0,690.262,-1353.804
1471,首利            ,5.400000095367432,0.0,-143.1,-259.74,-0.18,0.75,22.17,0.0,-265.0,-481.0
6201,亞弘電          ,13.923617362976074,0.0,-8.35,-9.75,1.54,1.15,4.76,0.0,-6.0,-7.0
1708,東鹼            ,15.055225372314453,0.0,12.04,416.68,0.32,3.49,0.32,0.0,8.0,276.77
6131,鈞泰            ,0.0,0.0,0.0,0.0,0.0,0.0,0.0,89.0,146.0,451.0
6145,勁永            ,0.0,0.0,0.0,0.0,0.0,0.0,0.0,17.0,137.0,724.0
2423,固緯            ,9.267650604248047,0.0,-2.78,-32.44,0.58,2.08,0.0,0.0,-3.0,-35.0
3040,遠見            ,13.894691467285156,0.0,0.0,1.39,-0.33,-0.5,-1.97,0.0,0.0,1.0
2448,晶電            ,0.0,-0.0,-0.0,-0.0,0.0,0.0,0.0,-1629.502,-3394.3399999999997,-22847.852
1701,中化            ,0.0,0.0,0.0,0.0,0.0,0.0,0.0,40.0,135.0,976.0
2427,三商電          ,4.684932231903076,0.0,-3.75,-22.02,1.17,0.5,-0.49,0.0,-8.0,-47.0
1617,榮星            ,4.548061847686768,0.0,1.82,3.18,1.22,-0.3,-1.34,0.0,4.0,7.0
1615,大山            ,3.5759496688842773,0.0,0.36,0.72,0.81,-0.99,-1.96,0.0,1.0,2.0
1613,台一            ,0.0,0.0,0.0,-0.0,0.0,0.0,0.0,0.0,0.0,-37.0
1612,宏泰            ,4.843949794769287,0.0,41.66,231.54,-0.48,2.58,3.47,0.0,86.0,478.0
1727,中華化          ,10.922218322753906,0.0,0.0,-4808.15,1.08,1.08,2.18,0.0,0.0,-4402.169
1725,元禎            ,8.313288688659668,0.0,0.0,0.83,0.0,-0.74,0.37,0.0,0.0,1.0
1724,台硝            ,0.0,0.0,-0.0,-0.0,0.0,0.0,0.0,0.0,-11.0,-54.0
6452,康友-KY         ,0.0,-0.0,-0.0,-0.0,0.0,0.0,0.0,-48.0,-151.963,-1523.987
1715,萬洲            ,0.0,-0.0,-0.0,0.0,0.0,0.0,0.0,-19.0,-63.0,58.0
1713,國化            ,10.342415809631348,0.0,-65.16,-93.08,0.32,0.64,1.28,0.0,-63.0,-90.0
5264,鎧勝-KY         ,0.0,0.0,0.0,0.0,0.0,0.0,0.0,756.0,3175.964,8686.758
5305,敦南            ,0.0,-0.0,-0.0,0.0,0.0,0.0,0.0,-302.0,-902.0,5455.601000000001
3296,勝德            ,10.794746398925781,0.0,3.24,-8.64,0.0,0.0,2.41,0.0,3.0,-8.0
3266,昇陽            ,8.941740989685059,0.0,7.15,14.31,0.47,0.93,5.88,0.0,8.0,16.0
3094,聯傑            ,18.635478973388672,0.0,150.95,477.07,-0.2,-1.78,3.54,0.0,81.0,256.0
5259,奕智博          ,0.0,0.0,0.0,0.0,0.0,0.0,0.0,15.0,67.0,137.0
1735,日勝化          ,8.23003101348877,0.0,-0.82,-8.23,0.43,0.0,0.43,0.0,-1.0,-10.0
1729,必翔            ,0.0,0.0,0.0,0.0,0.0,0.0,0.0,15.0,158.498,460.776
5234,達興材料        ,18.423015594482422,0.0,-9.21,-11.05,0.0,3.92,7.8,0.0,-5.0,-6.0
4977,眾達-KY         ,33.93403625488281,0.0,196.82,1601.69,0.67,0.34,8.15,0.0,58.0,472.0
2007,燁興            ,4.960000038146973,0.0,0.99,-35.22,-0.4,2.69,10.22,0.0,2.0,-71.0
1906,寶隆            ,5.430552959442139,0.0,0.0,-2.17,-0.14,0.69,7.52,0.0,0.0,-4.0
1902,台紙            ,0.0,0.0,0.0,0.0,0.0,0.0,0.0,63.0,148.0,185.0
1805,寶徠            ,8.723716735839844,0.0,-10.47,-17.45,1.02,2.21,14.88,0.0,-12.0,-20.0
1809,中釉            ,10.251838684082031,0.0,96.37,195.81,-0.93,3.38,7.54,0.0,94.0,191.0
2364,倫飛            ,13.364592552185059,0.0,0.0,-1.34,-5.32,-1.11,4.71,0.0,0.0,-1.0
2358,廷鑫            ,15.125333786010742,0.0,4.54,25.71,0.0,-1.47,2.13,0.0,3.0,17.0
3383,新世紀          ,0.0,0.0,0.0,0.0,0.0,0.0,0.0,151.0,78.0,184.349
3315,宣昶            ,0.0,0.0,0.0,0.0,0.0,0.0,0.0,3.0,52.0,228.0
3308,聯德            ,11.498334884643555,0.0,8.05,39.09,2.65,2.65,2.5,0.0,7.0,34.0
4755,三福化          ,14.887232780456543,0.0,0.0,-20.84,0.65,0.22,1.09,0.0,0.0,-14.0
4737,華廣            ,34.80355453491211,0.0,31.32,-13.13,-0.95,-3.34,0.19,0.0,9.0,-3.7720000000000002
2028,威致            ,2.3355743885040283,0.0,-3.27,-7.94,-2.29,-2.29,-2.84,0.0,-14.0,-34.0
2024,志聯            ,5.046174049377441,0.0,-12.62,2.02,-0.14,6.02,11.76,0.0,-25.0,4.0
4733,上緯            ,0.0,-0.0,-0.0,-0.0,0.0,0.0,0.0,-121.0,-659.0,-1483.632
4725,信昌化          ,0.0,0.0,0.0,0.0,0.0,0.0,0.0,26.0,89.0,536.34
4144,康聯-KY         ,0.0,0.0,0.0,0.0,0.0,0.0,0.0,1.0,1.0,211.617
4141,龍燈-KY         ,0.0,0.0,0.0,0.0,0.0,0.0,0.0,2.0,3.0,151.70600000000002
3536,誠創            ,0.0,-0.0,-0.0,-0.0,0.0,0.0,0.0,-22.61,-53.61,-87.075
1810,和成            ,8.41614818572998,0.0,27.77,56.39,-0.12,-0.61,0.87,0.0,33.0,67.0
3519,綠能            ,0.0,0.0,0.0,0.0,0.0,0.0,0.0,756.0,3910.313,4561.897
3474,華亞科          ,0.0,-0.0,-0.0,-0.0,0.0,0.0,0.0,-9473.426,-52028.926999999996,-98624.02399999999
3416,融程電          ,32.53314208984375,0.0,-17.14,-599.48,0.95,3.29,0.57,0.0,-5.269,-184.269
3454,晶睿            ,0.0,0.0,0.0,0.0,0.0,0.0,0.0,4.0,0.7740000000000009,65.89999999999999
2305,全友            ,5.630000114440918,0.0,-31.53,-12.95,2.36,3.11,16.08,0.0,-56.0,-23.0
2302,麗正            ,4.946338176727295,0.0,18.3,183.51,0.52,-1.54,-2.21,0.0,37.0,371.0
2115,六暉-KY         ,18.919967651367188,0.0,-1.89,-1.89,0.35,-0.35,10.1,0.0,-1.0,-1.0
3698,隆達            ,0.0,0.0,-0.0,0.0,0.0,0.0,0.0,189.0,-1183.0,1384.0
3598,奕力            ,0.0,0.0,0.0,0.0,0.0,0.0,0.0,13.0,77.0,514.0
2321,東訊            ,40.625,0.0,0.0,-3.65,5.41,0.0,3.72,0.0,0.0,-0.898
2311,日月光          ,0.0,0.0,0.0,0.0,0.0,0.0,0.0,4962.447,9588.720000000001,35603.024
3584,介面            ,0.0,-0.0,-0.0,-0.0,0.0,0.0,0.0,-156.0,-145.0,-603.0
3579,尚志            ,0.0,-0.0,0.0,-0.0,0.0,0.0,0.0,-15.0,3.0,-82.0
3573,穎台            ,0.0,0.0,0.0,0.0,0.0,0.0,0.0,307.0,1215.0,3665.7
3559,全智科          ,0.0,0.0,0.0,0.0,0.0,0.0,0.0,91.0,252.0,771.0
3682,亞太電          ,0.0,0.0,0.0,0.0,0.0,0.0,0.0,1051.115,2516.291,9286.114
3557,嘉威            ,3.998000383377075,0.0,4.4,0.0,0.27,1.89,-0.26,0.0,11.0,0.0
3550,聯穎            ,8.643574714660645,0.0,57.05,233.38,-0.41,-0.81,2.94,0.0,66.0,270.0
0053,元大電子        ,19.71904182434082,0.0,25.63,110.43,0.0,0.0,3.35,0.0,13.0,56.0
9918,欣天然          ,21.737266540527344,0.0,-4.35,2.17,0.0,-0.64,-0.32,0.0,-2.0,1.0
9157,陽光能源-DR     ,0.0,0.0,0.0,-0.0,0.0,0.0,0.0,0.0,0.0,-3.0
1236,宏亞            ,19.124513626098633,0.0,1.91,17.21,-1.86,0.48,1.93,0.0,1.0,9.0
1235,興泰            ,5.7915520668029785,0.0,-1.16,2.9,0.0,2.05,4.46,0.0,-2.0,5.0
1233,天仁            ,26.086944580078125,0.0,10.43,-7.83,0.26,2.71,5.87,0.0,4.0,-3.0
1225,福懋油          ,19.79859733581543,0.0,65.87,427.65,0.55,0.55,6.02,0.0,33.272,216.0
2841,台開            ,0.0,0.0,-0.0,-0.0,0.0,0.0,0.0,155.0,-1389.8000000000002,-2111.223
2823,中壽            ,0.0,0.0,-0.0,-0.0,0.0,0.0,0.0,3253.054,-8180.835,-80053.697
2809,京城銀          ,0.0,-0.0,-0.0,-0.0,0.0,0.0,0.0,-274.0,-2028.0,-17414.837
9931,欣高            ,19.428300857543945,0.0,0.0,-1.94,0.97,-2.19,0.81,0.0,0.0,-1.0
9929,秋雨            ,14.103255271911621,0.0,-2.82,-2968.74,0.0,-5.19,-9.86,0.0,-2.0,-2105.0
9926,新海            ,27.82569122314453,0.0,-19.48,-30.61,5.0,5.0,5.93,0.0,-7.0,-11.0
1109,信大            ,6.68892765045166,0.0,0.0,-11.37,-0.8,-0.9,1.75,0.0,0.0,-17.0
9105,泰金寶-DR       ,1.4635337591171265,-0.44,493.8,1659.79,-0.88,1.2,7.67,-3.0,3374.0,11341.0
2516,新建            ,5.813599109649658,-0.58,237.19,503.46,-1.25,-1.4,2.1,-1.0,408.0,866.0
5525,順天            ,6.903244495391846,-0.69,2.76,-4.83,-0.66,-3.21,-2.27,-1.0,4.0,-7.0
2022,聚亨            ,7.828161239624023,-0.78,-100.98,-538.06,-0.25,2.31,7.55,-1.0,-129.0,-687.3389999999999
9958,世紀鋼          ,8.575488090515137,-0.86,3.43,-28.3,-1.41,5.0,9.49,-1.0,4.0,-33.0
1517,利奇            ,8.838287353515625,-0.88,22.98,141.41,0.44,1.32,2.22,-1.0,26.0,160.0
2702,華園            ,8.7648286819458,-0.88,-0.88,-7.01,1.62,1.95,2.95,-1.0,-1.0,-8.0
1609,大亞            ,3.068357229232788,-0.92,51.86,70.27,0.0,1.79,5.31,-3.0,169.0,229.0
1463,強盛新          ,9.212188720703125,-0.92,37.77,96.73,1.78,5.85,6.83,-1.0,41.0,105.0
1468,昶和            ,9.890000343322754,-0.99,10.88,34.62,0.41,1.23,4.66,-1.0,11.0,35.0
2493,揚博            ,12.480565071105957,-1.25,-6.24,-113.57,0.66,3.15,8.77,-1.0,-5.0,-91.0
1441,大東            ,13.569051742553711,-1.36,-28.5,-69.2,-0.43,1.45,4.64,-1.0,-21.0,-51.0
2480,敦陽科          ,14.034056663513184,-1.4,92.62,39.3,-0.78,2.01,4.1,-1.0,66.0,28.0
3043,科風            ,13.999999046325684,-1.4,-11.2,-32.2,0.36,-12.5,18.14,-1.0,-8.0,-23.0
6283,淳安            ,7.309939861297607,-1.46,-12.43,-0.73,-0.94,-2.55,3.19,-2.0,-17.0,-1.0
6405,悅城            ,15.062509536743164,-1.51,-18.08,-4.52,0.79,5.54,6.42,-1.0,-12.0,-3.0
1437,勤益控          ,8.378951072692871,-1.68,16.76,152.5,0.0,-1.26,3.06,-2.0,20.0,182.0
2388,威盛            ,8.427841186523438,-1.69,-5.06,53.94,-0.45,-0.45,-1.79,-2.0,-6.0,64.0
2597,潤弘            ,8.530399322509766,-1.71,0.0,-13.48,0.71,1.19,10.56,-2.0,0.0,-15.8
6128,上福            ,18.07019805908203,-1.81,0.0,-41.56,0.28,2.46,5.35,-1.0,0.0,-23.0
6431,光麗-KY         ,9.346689224243164,-1.87,8.41,17.76,-0.11,4.69,4.93,-2.0,9.0,19.0
2009,第一銅          ,6.35797119140625,-1.91,-51.5,-146.87,-1.85,5.35,9.37,-3.0,-81.0,-231.0
5215,科嘉-KY         ,20.406543731689453,-2.04,-16.33,28.16,1.69,0.38,1.03,-1.0,-8.0,13.8
1808,潤隆            ,5.128472805023193,-2.05,5.76,18.07,0.71,10.98,13.43,-4.0,11.234,35.234
8072,陞泰            ,20.98235511779785,-2.1,4.2,33.57,-0.19,2.33,4.99,-1.0,2.0,16.0
8112,至上            ,6.018672943115234,-2.41,283.48,1353.02,1.44,2.92,5.22,-4.0,471.0,2248.04
1608,華榮            ,4.861287593841553,-2.43,-51.53,-76.81,0.44,2.99,5.19,-5.0,-106.0,-158.0
8249,菱光            ,12.884369850158691,-2.58,-110.81,105.65,0.23,0.0,2.35,-2.0,-86.0,82.0
2399,映泰            ,6.907790660858154,-2.76,185.13,373.71,0.75,-3.25,14.51,-4.0,268.0,541.0
1524,耿鼎            ,4.818287372589111,-2.89,9.15,-6.75,-0.89,-0.15,5.51,-6.0,19.0,-14.0
6141,柏承            ,7.801980972290039,-3.12,-81.14,-163.84,-0.71,-1.29,1.69,-4.0,-104.0,-210.0
6152,百一            ,8.0,-3.2,-1.6,-45.56,2.17,4.85,8.25,-4.0,-2.0,-56.95
4976,佳凌            ,16.12461280822754,-3.22,0.0,-19.35,0.59,5.59,12.96,-2.0,0.0,-12.0
2380,虹光            ,33.712066650390625,-3.37,13.48,182.05,-0.54,1.09,2.21,-1.0,4.0,54.0
2414,精技            ,8.44828987121582,-3.38,-3.38,-15.21,0.62,0.31,4.18,-4.0,-4.0,-18.0
1731,美吾華          ,8.664328575134277,-3.47,32.92,156.82,0.37,-0.73,2.63,-4.0,38.0,181.0
1783,和康生          ,17.66549301147461,-3.53,-21.2,37.1,0.44,-2.34,8.75,-2.0,-12.0,21.0
6115,鎰勝            ,18.37156867980957,-3.67,-102.88,-282.0,0.44,1.19,1.34,-2.0,-56.0,-153.5
5519,隆大            ,6.198373794555664,-4.34,-4.96,-10.54,1.67,-4.69,-5.06,-7.0,-8.0,-17.0
2491,吉祥全          ,6.759110450744629,-4.73,8.11,-10.81,0.43,3.13,-2.39,-7.0,12.0,-16.0
1732,毛寶            ,13.006930351257324,-5.2,-104.06,-3.9,-2.51,-2.16,5.84,-4.0,-80.0,-3.0
1733,五鼎            ,28.53385353088379,-5.71,19.97,508.17,0.11,0.0,4.74,-2.0,7.0,178.09199999999998
2033,佳大            ,8.270334243774414,-5.79,36.39,29.77,-2.48,2.38,3.39,-7.0,44.0,36.0
1531,高林股          ,12.327366828918457,-6.16,-8.63,-164.57,0.59,0.0,7.57,-5.0,-7.0,-133.5
3025,星通            ,10.84444522857666,-6.51,91.09,97.6,2.22,12.2,11.65,-6.0,84.0,90.0
5484,慧友            ,8.363910675048828,-6.69,-6.69,15.06,2.06,3.66,3.93,-8.0,-8.0,18.0
2038,海光            ,5.220603942871094,-6.79,56.9,59.51,-3.06,5.85,8.39,-13.0,109.0,114.0
9943,好樂迪          ,34.36518096923828,-6.87,395.45,-3068.36,0.36,4.96,4.96,-2.0,115.074,-892.87
8374,羅昇            ,8.751241683959961,-7.0,-12.25,7.0,2.04,3.09,6.72,-8.0,-14.0,8.0
9946,三發地產        ,6.424074649810791,-7.07,-21.84,93.66,1.26,0.0,5.22,-11.0,-34.0,145.793
6112,邁達特          ,14.244115829467773,-7.12,-4.42,4.13,0.0,4.25,7.36,-5.0,-3.0999999999999996,2.8999999999999986
3312,弘憶股          ,3.578930616378784,-7.16,-3.58,-3.58,3.72,1.1,5.07,-20.0,-10.0,-10.0
3130,一零四          ,77.96405792236328,-7.8,23.39,405.41,-0.36,0.0,-0.36,-1.0,3.0,52.0
2904,匯僑            ,15.642227172851562,-7.82,-23.46,-34.41,0.18,3.15,8.16,-5.0,-15.0,-22.0
2467,志聖            ,8.676396369934082,-8.68,13.01,180.81,-1.02,5.45,21.34,-10.0,15.0,208.392
2537,聯上發          ,5.826430797576904,-8.74,-19.23,2.82,-0.24,2.18,2.8,-15.0,-33.0,4.84
4916,事欣科          ,15.339198112487793,-9.2,-4.6,-30.68,-1.13,-0.9,7.09,-6.0,-3.0,-20.0
2375,凱美            ,18.747394561767578,-9.37,-56.24,-391.82,0.72,2.56,4.87,-5.0,-30.0,-209.0
2032,新鋼            ,7.821518421173096,-9.39,-71.96,-219.78,1.03,8.18,21.92,-12.0,-92.0,-281.0
3011,今皓            ,7.429999828338623,-9.66,-4.46,2.23,0.81,1.78,4.21,-13.0,-6.0,3.0
1454,台富            ,6.619662761688232,-9.93,-7.94,-58.25,-0.34,0.69,-0.34,-15.0,-12.0,-88.0
3033,威健            ,9.086792945861816,-10.0,23.63,59.97,0.76,3.12,6.15,-11.0,26.0,66.0
2612,中航            ,20.860681533813477,-10.43,-185.66,8.34,0.0,15.06,14.78,-5.0,-89.0,4.0
5706,鳳凰            ,17.844324111938477,-10.71,-83.87,-165.13,0.27,0.13,4.02,-6.0,-47.0,-92.538
4763,材料*-KY        ,4.306246757507324,-10.77,-20.67,203.69,-1.42,-2.79,3.98,-25.0,-48.0,473.0
1514,亞力            ,4.944497585296631,-10.88,-15.82,-11.37,1.44,3.04,5.87,-22.0,-32.0,-23.0
1304,台聚            ,8.851276397705078,-11.51,-901.95,-1191.05,-0.38,-0.76,1.95,-13.0,-1019.0,-1345.63
1583,程泰            ,38.38467025756836,-11.52,-26.87,0.0,2.23,1.1,5.43,-3.0,-7.0,0.0
9919,康那香          ,9.542450904846191,-12.41,85.88,150.77,0.42,2.58,3.91,-13.0,90.0,158.0
1532,勤美            ,15.767976760864258,-12.61,392.62,508.6,-1.12,0.0,4.76,-8.0,249.0,322.555
2461,光群雷          ,9.199098587036133,-12.88,-141.67,-384.52,-0.35,-1.71,12.55,-14.0,-154.0,-418.0
2359,所羅門          ,10.536202430725098,-13.7,-38.98,-470.36,0.99,-0.65,-4.06,-13.0,-37.0,-446.421
1538,正峰            ,46.58774948120117,-13.98,-18.64,55.91,-0.2,0.2,6.46,-3.0,-4.0,12.001
1786,科妍            ,37.344303131103516,-14.94,59.75,168.05,-0.19,-5.96,-6.29,-4.0,16.0,45.0
1533,車王電          ,39.70164489746094,-15.88,59.55,35.73,-0.23,-2.23,5.29,-4.0,15.0,9.0
3583,辛耘            ,54.486820220947266,-16.35,1029.8,2244.86,-0.98,-2.49,3.37,-3.0,189.0,412.0
2929,淘帝-KY         ,58.14759826660156,-17.44,1628.13,3640.04,-0.4,2.47,2.47,-3.0,280.0,626.0
3593,力銘            ,25.51405143737793,-17.86,283.21,1436.44,1.18,-0.7,5.03,-7.0,111.0,563.0
1568,倉佑            ,17.05596351623535,-18.76,-315.54,-134.74,0.0,-3.19,12.53,-11.0,-185.0,-79.0
1439,雋揚            ,10.513616561889648,-18.92,-18.92,-19.98,0.0,-1.49,-0.38,-18.0,-18.0,-19.0
2444,兆勁            ,10.79284381866455,-19.43,-72.31,44.25,-1.76,11.5,16.63,-18.0,-67.0,41.0
1459,聯發            ,9.468114852905273,-19.88,9.47,-1091.67,-0.97,3.13,-1.92,-21.0,10.0,-1153.0
6449,鈺邦            ,19.912113189697266,-19.91,-23.89,290.72,0.84,-0.99,4.0,-10.0,-12.0,146.0
3321,同泰            ,104.22796630859375,-20.85,-239.72,-5828.78,0.58,-0.38,6.07,-2.0,-23.0,-559.234
3561,昇陽光電        ,19.049999237060547,-20.95,521.97,-4261.48,-0.78,-4.03,3.25,-11.0,274.0,-2237.0
4104,佳醫            ,23.771135330200195,-21.39,541.98,990.98,0.0,-1.92,2.0,-9.0,228.0,416.883
3406,玉晶光          ,46.96772766113281,-21.78,518.35,1997.83,1.59,6.48,7.08,-4.637,110.363,425.363
2465,麗臺            ,18.81261444091797,-22.58,-24.46,11.29,0.0,-1.39,-4.05,-12.0,-13.0,6.0
1305,華夏            ,7.3619232177734375,-23.56,229.57,-3500.86,-1.05,-0.7,2.16,-32.0,311.839,-4755.366
6168,宏齊            ,9.39132022857666,-24.42,-35.69,-167.65,3.63,3.63,3.21,-26.0,-38.0,-178.51999999999998
4555,氣立            ,54.98675537109375,-27.49,-65.98,-373.91,0.0,0.14,3.13,-5.0,-12.0,-68.0
1339,昭輝            ,35.20463943481445,-28.16,137.3,499.91,0.34,0.52,5.62,-8.0,39.0,142.0
1103,嘉泥            ,6.29740571975708,-28.34,79.86,-352.77,0.65,-0.22,2.55,-45.0,126.811,-560.189
2850,新產            ,12.047513961791992,-28.91,-54.21,-127.7,0.89,1.12,1.35,-24.0,-45.0,-106.0
2504,國產            ,5.610750198364258,-29.18,444.93,1124.63,5.6,8.44,10.42,-52.0,793.0,2004.424
6005,群益證          ,4.506394386291504,-29.29,-132.94,-3265.45,0.35,0.7,-0.34,-65.0,-295.0,-7246.262
2488,漢平            ,15.859715461730957,-31.72,-66.61,3241.73,1.74,1.74,7.92,-20.0,-42.0,2044.0
2855,統一證          ,5.764780044555664,-33.44,-65.72,-124.6,0.4,0.4,0.0,-58.0,-114.0,-216.143
3051,力特            ,10.62944221496582,-34.01,98.85,-3.19,3.9,15.94,23.55,-32.0,93.0,-3.0
3058,立德            ,7.584091663360596,-34.13,56.12,234.35,-0.11,1.14,8.41,-45.0,74.0,309.0
2425,承啟            ,19.150634765625,-36.39,32.56,2510.65,-0.44,0.9,5.66,-19.0,17.0,1311.0
1614,三洋電          ,17.573455810546875,-36.9,-362.01,-578.17,0.0,-2.09,-1.06,-21.0,-206.0,-329.0
1457,宜進            ,5.946923732757568,-38.66,-179.0,-835.25,0.43,0.0,1.31,-65.0,-301.0,-1404.508
9925,新保            ,23.03371238708496,-39.16,-350.11,-990.23,0.13,-0.13,0.52,-17.0,-152.0,-429.903
4536,拓凱            ,68.96208953857422,-41.38,-165.51,-317.23,1.4,-2.25,-0.46,-6.0,-24.0,-46.0
4999,鑫禾            ,23.561832427978516,-42.41,-765.76,-923.65,0.73,5.24,2.62,-18.0,-325.0,-392.01
2031,新光鋼          ,8.588607788085938,-42.94,-25.77,-29.21,0.0,9.29,20.0,-50.0,-30.0,-34.009
3494,誠研            ,40.54252624511719,-44.6,356.77,3079.97,-0.41,0.41,0.83,-11.0,88.0,759.688
6120,達運            ,8.133148193359375,-46.36,-359.49,-364.37,1.22,7.77,7.9,-57.0,-442.0,-448.0
1217,愛之味          ,7.060771942138672,-48.01,23.3,616.41,-0.36,0.37,2.49,-68.0,33.0,873.0
1762,中化生          ,32.367332458496094,-48.55,-48.55,-142.42,-1.34,-4.49,-1.1,-15.0,-15.0,-44.0
5534,長虹            ,21.94038200378418,-52.66,-326.71,-1760.4,0.7,-0.12,0.47,-24.0,-148.90699999999998,-802.358
9908,大台北          ,15.516599655151367,-52.76,31.03,95.41,-0.22,0.67,1.35,-34.0,20.0,61.491
1307,三芳            ,23.57293701171875,-54.22,-613.86,-5453.01,1.51,-1.07,2.92,-23.0,-260.40999999999997,-2313.249
3164,景岳            ,19.881078720092773,-55.67,-214.72,-282.31,-0.56,-5.16,15.37,-28.0,-108.0,-142.0
8467,波力-KY         ,46.625701904296875,-55.95,-130.55,83.93,-0.46,-1.65,-3.53,-12.0,-28.0,18.0
1712,興農            ,6.853085994720459,-56.2,-26.04,291.26,-1.12,0.76,3.94,-82.0,-38.0,425.0
2489,瑞軒            ,12.690926551818848,-59.65,-739.88,-1182.73,0.32,-0.32,1.3,-47.0,-583.0,-931.952
2108,南帝            ,11.967673301696777,-59.84,-1426.55,-2460.31,1.48,0.21,0.21,-50.0,-1192.0,-2055.8
1512,瑞利            ,14.069418907165527,-61.91,-83.01,28.14,0.6,-0.78,-3.24,-44.0,-59.0,20.0
6277,宏正            ,35.961952209472656,-64.73,-337.75,-366.79,0.57,-1.12,3.68,-18.0,-93.919,-101.995
1452,宏益            ,12.895183563232422,-65.77,-1139.93,-2808.57,2.0,0.0,3.84,-51.0,-884.0,-2178.0
1907,永豐餘          ,7.073469638824463,-70.73,-94.78,-213.24,0.49,0.0,0.99,-100.0,-134.0,-301.466
2405,輔信            ,8.045954704284668,-70.8,-12.87,620.21,-1.07,0.48,6.0,-88.0,-16.0,770.829
1539,巨庭            ,23.172718048095703,-74.15,-936.18,-771.65,-1.11,12.44,21.43,-32.0,-404.0,-333.0
2849,安泰銀          ,9.22409725189209,-76.56,-439.99,101.36,-1.06,-1.75,-1.06,-83.0,-477.0,109.88600000000002
2390,云辰            ,18.838642120361328,-77.24,-459.66,-190.27,0.0,-4.99,5.26,-41.0,-244.0,-101.0
2601,益航            ,7.699094295501709,-80.84,-89.62,-284.41,-0.11,2.69,6.15,-105.0,-116.40799999999999,-369.408
3049,精金            ,7.9300761222839355,-82.47,-120.54,5627.18,-2.32,1.37,1.96,-104.0,-152.0,7096.0
2374,佳能            ,12.778938293457031,-83.06,-210.85,117.31,0.25,-1.21,4.07,-65.0,-165.0,91.803
3019,亞光            ,22.383419036865234,-87.3,-461.1,5389.93,-1.32,-4.64,-3.56,-39.0,-206.0,2408.0
2008,高興昌          ,9.1204833984375,-87.56,2.74,-93.03,-0.5,13.58,18.59,-96.0,3.0,-102.0
6209,今國光          ,15.698372840881348,-91.05,274.72,1728.39,0.59,-1.72,15.49,-58.0,175.0,1101.0
8210,勤誠            ,25.594545364379883,-92.14,-1018.66,-3611.39,1.12,1.63,3.72,-36.0,-398.0,-1411.0
2362,藍天            ,21.034427642822266,-94.65,-597.38,-2647.68,0.64,-0.63,-0.48,-45.0,-284.0,-1258.738
4927,泰鼎-KY         ,26.45261573791504,-95.23,-798.87,-36.95,0.81,2.76,4.35,-36.0,-302.0,-13.969999999999985
1720,生達            ,23.34200668334961,-98.04,-1031.72,-2012.37,0.0,-2.92,1.6,-42.0,-442.0,-862.125
2013,中鋼構          ,18.96286392211914,-109.98,-72.06,-46.57,0.4,3.72,32.45,-58.0,-38.0,-24.558
8163,達方            ,9.638749122619629,-110.85,234.22,546.52,1.91,-0.8,8.43,-115.0,243.0,567.0
2101,南港            ,22.981035232543945,-112.61,307.95,-30.53,1.07,4.02,4.6,-49.0,134.0,-13.283000000000015
2913,農林            ,12.477367401123047,-118.53,83.6,869.67,0.0,-1.06,2.57,-95.0,67.0,697.0
2107,厚生            ,11.552447319030762,-118.99,-1262.68,-2587.17,0.89,-0.29,0.29,-103.0,-1093.0,-2239.5
3545,敦泰            ,30.874021530151367,-120.81,-2196.46,-4900.36,-0.98,4.12,8.02,-39.131,-711.4250000000002,-1587.2120000000002
2832,台產            ,15.381211280822754,-123.05,-73.83,-53.83,0.0,0.0,-1.43,-80.0,-48.0,-35.0
1723,中碳            ,77.2746810913086,-123.64,363.19,2125.98,0.0,-0.43,6.98,-16.0,47.0,275.12
5522,遠雄            ,14.290070533752441,-124.32,-716.81,-532.13,1.05,1.05,3.54,-87.0,-501.611,-372.376
1337,再生-KY         ,17.423248291015625,-141.13,-5159.02,-7143.52,-1.08,-2.67,6.73,-81.0,-2961.0,-4099.991
2367,燿華            ,9.422879219055176,-147.0,-112.98,1752.75,-0.85,-2.11,0.43,-156.0,-119.895,1860.105
2371,大同            ,5.054581165313721,-147.59,-449.86,1044.99,-0.38,2.13,1.74,-292.0,-890.0,2067.4139999999998
2634,漢翔            ,28.4715518951416,-148.05,-6206.8,-20220.22,-0.13,-1.02,1.7,-52.0,-2180.0,-7101.904
3706,神達            ,8.901622772216797,-148.66,-3972.13,-9801.32,0.0,-1.91,3.58,-167.0,-4462.255999999999,-11010.716
3702,大聯大          ,20.30980682373047,-148.91,6930.15,16188.89,-0.45,1.99,3.57,-73.32,3412.2210000000005,7970.969999999999
8201,無敵            ,11.828571319580078,-149.04,-89.9,727.46,1.35,0.85,-3.72,-126.0,-76.0,615.0
2515,中工            ,4.312173366546631,-157.83,-1808.9,-8221.8,0.65,0.16,0.49,-366.0,-4194.861,-19066.484
2342,茂矽            ,12.806443214416504,-158.8,-227.95,-373.95,1.03,0.0,14.34,-124.0,-178.0,-291.999
2102,泰豐            ,14.576640129089355,-160.34,-839.61,617.25,0.33,-0.98,2.01,-110.0,-576.0,423.452
4919,新唐            ,22.08983612060547,-161.26,-22.09,6008.44,-0.75,3.92,8.88,-73.0,-10.0,2720.0
6504,南六            ,109.06713104248047,-163.6,-288.13,-12023.81,0.0,-1.68,-2.01,-15.0,-26.418,-1102.423
4968,立積            ,44.277862548828125,-168.26,-271.83,3336.82,3.34,3.21,2.83,-38.0,-61.391,753.609
6442,光聖            ,35.093528747558594,-168.45,-115.81,-280.75,-0.37,5.65,17.83,-48.0,-33.0,-80.0
3018,隆銘綠能        ,31.552364349365234,-173.54,343.92,343.92,5.15,13.03,11.58,-55.0,109.0,109.0
4306,炎洲            ,7.16855001449585,-177.06,-369.18,-780.22,0.41,2.09,3.39,-247.0,-515.0,-1088.393
6139,亞翔            ,18.49203109741211,-181.22,414.22,469.7,9.85,27.01,52.55,-98.0,224.0,254.0
2401,凌陽            ,8.642691612243652,-184.09,-549.72,540.23,0.43,0.87,5.45,-213.0,-636.052,625.075
1817,凱撒衛          ,24.038005828857422,-187.5,-324.51,2677.83,0.96,-0.71,-3.89,-78.0,-135.0,1114.0
3010,華立            ,23.68175506591797,-189.45,-603.88,-891.6,0.22,0.9,3.47,-80.0,-255.0,-376.493
4142,國光生          ,22.858898162841797,-212.59,-406.89,164.58,-2.02,1.25,8.0,-93.0,-178.0,72.0
8150,南茂            ,22.71718406677246,-215.81,-2170.13,-1807.14,0.3,0.45,6.85,-95.0,-955.283,-795.4940000000001
3062,建漢            ,17.813926696777344,-220.89,475.63,4597.77,0.97,0.48,-1.65,-124.0,267.0,2581.0
4119,旭富            ,42.21540069580078,-249.07,-5383.12,-19015.18,0.26,-4.18,2.85,-59.0,-1275.156,-4504.324
4935,茂林-KY         ,40.4312744140625,-254.72,-1524.26,-2225.29,0.0,-5.71,2.01,-63.0,-377.0,-550.388
2905,三商            ,10.80505657196045,-256.08,-608.32,-2630.49,1.8,1.28,2.86,-237.0,-563.0,-2434.495
3450,聯鈞            ,65.79808044433594,-263.19,-7472.38,-12078.92,0.37,1.87,7.94,-40.0,-1135.653,-1835.756
3059,華晶科          ,23.282379150390625,-277.06,1662.36,3279.79,-0.35,4.97,10.68,-119.0,714.0,1408.7
2637,慧洋-KY         ,18.638994216918945,-277.72,-758.92,1047.96,0.0,1.39,2.39,-149.0,-407.16999999999996,562.2410000000001
3501,維熹            ,27.130504608154297,-303.86,-387.97,-3060.32,-0.97,2.82,5.37,-112.0,-143.0,-1128.0
6230,尼得科超眾      ,123.69483947753906,-309.24,-2807.87,11801.71,1.0,-3.82,3.42,-25.0,-227.0,954.0989999999999
2392,正崴            ,26.98726463317871,-310.35,619.98,-3780.91,0.46,1.88,2.49,-115.0,229.73200000000003,-1400.999
3054,立萬利          ,26.339191436767578,-316.07,-5.27,-158.04,0.25,12.43,14.01,-120.0,-2.0,-60.0
2379,瑞昱            ,53.865211486816406,-320.0,-21291.57,98616.38,-0.24,-5.86,-0.24,-59.408,-3952.75,18307.991
4958,臻鼎-KY         ,45.8795051574707,-345.45,-4253.67,-52065.06,3.01,1.99,2.71,-75.295,-927.14,-11348.218
2707,晶華            ,118.70039367675781,-349.09,-64.21,5528.91,-0.7,-1.16,-1.62,-29.409,-5.408999999999992,465.787
2606,裕民            ,15.60981273651123,-373.07,-6631.05,-8303.92,-1.33,0.97,5.48,-239.0,-4248.0,-5319.677
3045,台灣大          ,65.44270324707031,-380.24,-35007.1,-80753.09,2.0,0.0,2.0,-58.103,-5349.275,-12339.51
4108,懷特            ,26.476835250854492,-381.27,-709.58,-1032.08,-0.36,-4.88,-0.73,-144.0,-268.0,-389.806
8114,振樺電          ,91.26789093017578,-383.33,-1841.29,-1495.71,-0.96,0.0,-1.27,-42.0,-201.746,-163.88100000000003
3576,聯合再生        ,40.31057357788086,-391.01,44906.0,97022.04,0.64,-0.42,9.74,-97.0,11140.006,24068.631999999998
2201,裕隆            ,35.59373474121094,-409.33,-1657.76,-339.2,0.69,0.17,-0.17,-115.0,-465.744,-95.29700000000003
4190,佐登-KY         ,83.18114471435547,-424.22,-2894.7,-5955.77,-1.69,-8.63,-10.38,-51.0,-348.0,-716.0
4426,利勤            ,97.77799224853516,-465.38,5140.71,27942.74,-1.28,-1.53,6.93,-47.596,525.7529999999999,2857.7740000000003
1476,儒鴻            ,296.23638916015625,-479.22,-26531.29,-5358.95,-0.12,-3.17,-9.33,-16.177,-895.612,-180.90099999999984
2236,百達-KY         ,24.79891586303711,-483.58,-922.52,-1163.07,-1.98,22.08,48.03,-195.0,-372.0,-469.0
2915,潤泰全          ,45.75001525878906,-567.14,-1395.24,-42146.44,1.05,-1.19,6.42,-123.965,-304.96999999999997,-9212.334
2548,華固            ,22.046794891357422,-571.01,-4446.25,-8106.04,0.78,-3.73,-2.27,-259.0,-2016.7350000000001,-3676.742
2867,三商壽          ,11.833113670349121,-596.39,-4777.98,-3447.54,0.6,-0.88,-2.31,-504.0,-4037.807,-2913.468
2337,旺宏            ,5.626647472381592,-624.0,-2191.58,-2758.3,0.0,-0.8,-4.86,-1109.0,-3895.0,-4902.217
3030,德律            ,25.4257755279541,-633.1,-3750.3,-12192.3,1.54,3.95,1.32,-249.0,-1475.0,-4795.251
1455,集盛            ,7.007798194885254,-647.52,-1491.26,-690.27,0.91,3.13,-1.66,-924.0,-2128.0,-985.0
2847,大眾銀          ,13.0,-650.0,-3055.68,9171.19,0.39,0.39,1.17,-500.0,-2350.524,7054.763
1702,南僑            ,39.28646469116211,-671.8,-2443.44,-5548.76,-1.54,4.23,6.13,-171.0,-621.9549999999999,-1412.384
8222,寶一            ,23.473270416259766,-687.77,-1171.32,-169.01,-4.21,2.63,15.19,-293.0,-499.0,-72.0
1310,台苯            ,12.378463745117188,-689.48,-4569.76,-10092.07,-0.79,5.0,11.5,-557.0,-3691.7,-8152.928
2049,上銀            ,97.32161712646484,-706.02,-787.95,-36407.37,0.37,2.68,10.29,-72.545,-80.96299999999997,-3740.934
8039,台虹            ,21.79418182373047,-826.0,-424.99,355.25,-5.2,-0.66,3.89,-379.0,-195.0,163.0
3311,閎暉            ,44.562992095947266,-913.54,-369.87,9014.33,2.95,7.56,8.78,-205.0,-83.0,2022.829
5243,乙盛-KY         ,22.90694808959961,-916.28,-998.74,-542.55,9.91,8.95,12.91,-400.0,-436.0,-236.85
9914,美利達          ,116.05400848388672,-971.2,-4015.34,-13486.73,1.0,-1.63,3.07,-83.685,-345.98900000000003,-1162.108
1338,廣華-KY         ,88.12159729003906,-978.15,167.43,-23070.23,0.37,8.8,9.68,-111.0,19.0,-2618.0
2618,長榮航          ,11.647514343261719,-994.79,8742.3,-17784.38,-1.39,2.01,2.01,-854.08,7505.725,-15268.816
2542,興富發          ,11.06043815612793,-1066.36,-2308.43,-10908.76,-0.61,-2.39,6.34,-964.12,-2087.102,-9862.864
5269,祥碩            ,139.071044921875,-1098.66,-6619.78,-20611.66,-0.29,-4.72,-17.35,-79.0,-476.0,-1482.096
8105,凌巨            ,18.9625301361084,-1101.72,-1683.87,10465.42,0.0,3.07,4.68,-581.0,-888.0,5519.0
2062,橋椿            ,30.931352615356445,-1178.48,-3362.24,-1214.41,-1.33,-9.33,-7.9,-381.0,-1087.0,-392.61400000000003
6176,瑞儀            ,29.875093460083008,-1237.49,-11067.29,-33700.87,0.0,-2.15,-0.47,-414.22,-3704.5200000000004,-11280.589
4904,遠傳            ,45.804996490478516,-1251.17,-21553.83,16951.49,1.32,-0.86,0.44,-273.152,-4705.563,3700.7950000000005
2345,智邦            ,23.94725227355957,-1288.36,-13806.44,-36480.64,-1.25,-7.46,-6.91,-538.0,-5765.354,-15233.749
2228,劍麟            ,116.29069519042969,-1302.46,-4081.8,1531.47,-1.66,-4.31,2.31,-112.0,-351.0,131.69299999999998
2204,中華            ,26.18212890625,-1309.11,-4726.03,-14352.09,0.7,0.0,1.9,-500.0,-1805.058,-5481.635
3376,新日興          ,73.83563995361328,-1705.6,-10196.82,-13790.25,1.44,-2.31,-14.23,-231.0,-1381.016,-1867.6950000000002
8016,矽創            ,45.675086975097656,-1717.38,-3585.49,18736.56,-1.17,-2.3,-4.5,-376.0,-785.0,4102.139
1312,國喬            ,12.529361724853516,-1721.16,-1973.79,-17987.54,-0.6,3.09,8.79,-1373.7,-1575.328,-14356.311
2383,台光電          ,42.306732177734375,-1726.11,-3002.76,-7814.79,0.84,4.91,4.0,-408.0,-709.76,-1847.175
1707,葡萄王          ,120.68909454345703,-1762.06,-4230.86,2330.48,-0.54,-3.4,1.65,-146.0,-350.55899999999997,193.09799999999998
2059,川湖            ,337.0289611816406,-1786.25,-1552.02,9643.88,0.0,0.0,-4.75,-53.0,-46.05,286.144
2227,裕日車          ,124.00382995605469,-1810.46,-2988.49,-7949.02,-0.43,-3.16,-2.75,-146.0,-241.0,-641.03
2231,為升            ,178.2562255859375,-1836.04,-3640.76,-8191.85,-1.17,-2.69,-0.13,-103.0,-204.243,-459.555
9921,巨大            ,159.60462951660156,-2005.27,-11725.02,-3032.18,0.0,-2.99,-3.65,-125.64,-734.629,-189.981
2885,元大金          ,6.222511291503906,-2112.06,-10262.77,-61772.63,0.93,-0.46,4.85,-3394.221,-16492.972999999998,-99272.825
6409,旭隼            ,332.5074157714844,-2152.25,-850.72,9883.65,-1.77,-0.2,-2.91,-64.728,-25.58499999999998,297.24600000000004
6269,台郡            ,49.259403228759766,-2290.56,-20960.91,-35409.45,0.62,-2.18,1.89,-465.0,-4255.21,-7188.363
2615,萬海            ,9.26013469696045,-2617.84,-4319.44,-10100.28,-0.82,-1.1,2.56,-2827.0,-4664.5509999999995,-10907.267
9945,潤泰新          ,16.85584259033203,-2754.41,-9201.87,-29057.36,2.75,1.47,17.1,-1634.1,-5459.16,-17238.747
2723,美食-KY         ,121.86297607421875,-2900.34,-6108.89,-15640.38,-2.64,-4.25,-8.14,-238.0,-501.29200000000003,-1283.44
6414,樺漢            ,233.41171264648438,-2985.92,-24972.7,-27212.14,-0.41,-4.56,3.82,-127.925,-1069.899,-1165.8429999999998
2377,微星            ,28.39598846435547,-3711.36,8930.88,12944.42,-0.9,3.91,4.41,-1307.0,3145.12,4558.54
2314,台揚            ,52.099609375,-3735.54,-4798.37,-4475.36,0.0,-3.77,-6.5,-717.0,-921.0,-859.0
3665,貿聯-KY         ,111.73883056640625,-3742.21,-7082.86,82913.72,-3.29,-3.0,1.25,-334.907,-633.876,7420.314
6285,啟碁            ,52.59243392944336,-4149.54,-26054.59,-18746.96,-1.26,-4.0,2.74,-789.0,-4954.057,-3564.5740000000005
3673,TPK-KY          ,59.437957763671875,-4413.86,-30837.6,-38487.87,-0.71,-1.42,2.21,-742.6,-5188.2,-6475.302
1536,和大            ,100.08390045166016,-5070.27,-12209.16,19059.68,-0.78,-1.16,-7.61,-506.602,-1219.893,1904.37
4934,太極            ,36.33072280883789,-5155.33,-3029.98,4385.12,-1.62,-0.7,3.16,-1419.0,-834.0,1207.0
2356,英業達          ,14.145916938781738,-5279.68,-1744.35,131338.17,-0.83,-4.8,-3.84,-3732.297,-1233.1099999999997,92845.288
0061,元大寶滬深      ,15.260000228881836,-5911.72,-332.67,-64047.64,-1.1,-2.37,1.87,-3874.0,-218.0,-41970.931
2354,鴻準            ,45.496917724609375,-6668.64,-17231.96,-22411.03,0.31,0.77,2.51,-1465.735,-3787.5,-4925.834
3041,揚智            ,67.5777587890625,-6703.71,-31369.6,-19489.43,-1.9,0.0,8.4,-992.0,-4642.0,-2884.0
2406,國碩            ,49.69013214111328,-7249.79,-29515.94,-42524.82,-1.26,-3.84,-2.19,-1459.0,-5940.0,-8558.0
1477,聚陽            ,108.6485366821289,-7798.19,-48155.79,-19270.4,-0.24,-8.07,-8.07,-717.745,-4432.254,-1773.646
1303,南亞            ,38.52827072143555,-7812.26,6534.44,32987.4,-0.64,0.81,7.27,-2027.67,1696.013,8561.869999999999
4938,和碩            ,40.96201705932617,-8049.57,87.53,74138.46,0.0,-2.27,3.47,-1965.131,21.369000000000028,18099.318
2884,玉山金          ,7.231731414794922,-13313.23,-19105.61,-87822.59,-0.88,-0.88,-1.74,-18409.462,-26419.134,-121440.617
3481,群創            ,7.798096656799316,-17533.9,-53613.44,-66095.16,5.88,8.55,4.98,-22484.845,-68751.95300000001,-84758.06300000001
3514,昱晶            ,30.768085479736328,-25894.42,-16225.46,-14927.59,-6.69,-1.41,-1.41,-8416.0,-5273.471,-4851.646
2308,台達電          ,98.39164733886719,-43133.05,-72764.75,-112942.78,-1.88,-6.45,-6.45,-4383.812,-7395.419,-11478.899
